# Documentation at	https://rdm.sfb1451.de/data-catalog-submission/#table-files		
# bold indicates required			
path[POSIX]	size[bytes]	checksum[md5]	url
physio/bids/SFB1451C05_9751P210517/tSFB1451C05_9751P210517_20210517_124233_0009_rfMRI_resting_AP_Info.log	2930686	5d301fe68dc3e6e81c35c268c031db5c
physio/bids/SFB1451C05_9775P210615/tSFB1451C05_9775P210615_20210615_105940_0009_rfMRI_resting_AP_Info.log	2930686	84641bb5a71f9097087332911c917178
physio/bids/SFB1451C05_9909P210902/tSFB1451C05_9909P210902_20210902_122737_0021_tfMRI_tapping_AP_Info.log	1651606	20a640056acf0f0e78f73fa65019e4a1
physio/bids/SFB1451C05_9909P210902/tSFB1451C05_9909P210902_20210902_120226_0009_rfMRI_resting_AP_Info.log	2930686	5068e982da2d28973e0314fa90b6401e
physio/bids/SFB1451C05_9909P210902/tSFB1451C05_9909P210902_20210902_120550_0012_tfMRI_tapping_AP_Info.log	855206	82e6f160685b90c67185bef650c81835
physio/bids/SFB1451C05_9817P210721/tSFB1451C05_9817P210721_20210721_122920_0009_rfMRI_resting_AP_Info.log	2930686	4d531294ca9bf8dafcfab9f35f3c12aa
MRI/bids/SFB1451C05_9751P210517/tSFB1451C05_9751P210517_20210517115137_0004_AAHead_Scout_64ch-head-coil_MPR_cor_i00001.nii.gz	20750	1c6caad72ac280af416c8c6d71346778
MRI/bids/SFB1451C05_9751P210517/tSFB1451C05_9751P210517_20210517115137_0016_ep2d_diff_slice.json	2563	a9235e7eddee41119d75cb856ea11a42
MRI/bids/SFB1451C05_9751P210517/tSFB1451C05_9751P210517_20210517115137_0024_dMRI_dir99_AP.json	3257	11c6b8bbe573495a7c3a5dfe742230a2
MRI/bids/SFB1451C05_9751P210517/tSFB1451C05_9751P210517_20210517115137_0024_dMRI_dir99_AP.nii.gz	265237094	81a669ecfd57dc806b16014915387b42
MRI/bids/SFB1451C05_9751P210517/tSFB1451C05_9751P210517_20210517115137_0014_T2w_SPC.nii.gz	25820001	ed755389e74b9919be1e90db31d0af9e
MRI/bids/SFB1451C05_9751P210517/tSFB1451C05_9751P210517_20210517115137_0023_dMRI_dir99_AP_SBRef.json	3205	539fb41e6515708e834141891718760c
MRI/bids/SFB1451C05_9751P210517/tSFB1451C05_9751P210517_20210517115137_0018_dMRI_b=0_AP.nii.gz	25708511	2d5c0ce2bc1e111f092d4fb8dfee122e
MRI/bids/SFB1451C05_9751P210517/tSFB1451C05_9751P210517_20210517115137_0022_dMRI_dir98_AP.bval	474	61b2112d18b0e09ea4ec197707556082
MRI/bids/SFB1451C05_9751P210517/tSFB1451C05_9751P210517_20210517115137_0003_AAHead_Scout_64ch-head-coil_MPR_sag_i00002.nii.gz	25884	6b7c60216bc62a0c6d78288732ddf50c
MRI/bids/SFB1451C05_9751P210517/tSFB1451C05_9751P210517_20210517115137_0004_AAHead_Scout_64ch-head-coil_MPR_cor_i00002.json	1938	7e9e42de1a041e4838566c16c9b33a9d
MRI/bids/SFB1451C05_9751P210517/tSFB1451C05_9751P210517_20210517115137_0020_dMRI_b=0_PA.json	3251	9ee3d583dd788b3aecfe988947e7069c
MRI/bids/SFB1451C05_9751P210517/tSFB1451C05_9751P210517_20210517115137_0018_dMRI_b=0_AP.json	3258	118fa958c11f5fe344fd61a0b4eb33e4
MRI/bids/SFB1451C05_9751P210517/tSFB1451C05_9751P210517_20210517115137_0022_dMRI_dir98_AP.bvec	2818	0a7118f212d77b7887b8e36ea944d0e8
MRI/bids/SFB1451C05_9751P210517/tSFB1451C05_9751P210517_20210517115137_0015_Axial_T2-FLAIR.nii.gz	2312579	95663a8e0e1538c1288f2fbbe8e58c64
MRI/bids/SFB1451C05_9751P210517/tSFB1451C05_9751P210517_20210517115137_0013_T2w_SPC.json	1996	452c24c13a2b72083767507ac050ae17
MRI/bids/SFB1451C05_9751P210517/tSFB1451C05_9751P210517_20210517115137_0004_AAHead_Scout_64ch-head-coil_MPR_cor_i00002.nii.gz	22835	3fd43976654a82076ec263f4baa5674b
MRI/bids/SFB1451C05_9751P210517/tSFB1451C05_9751P210517_20210517115137_0005_AAHead_Scout_64ch-head-coil_MPR_tra_i00002.nii.gz	20218	01cfef9fe1b74008b87f732c8153c317
MRI/bids/SFB1451C05_9751P210517/tSFB1451C05_9751P210517_20210517115137_0021_dMRI_dir98_AP_SBRef.json	3202	4df41f19b24ffd09dac8295a7ca60814
MRI/bids/SFB1451C05_9751P210517/tSFB1451C05_9751P210517_20210517115137_0012_T1w_MPR.json	1967	b6547bb79328501f69f6f9c99f8361f4
MRI/bids/SFB1451C05_9751P210517/tSFB1451C05_9751P210517_20210517115137_0015_Axial_T2-FLAIR.json	2456	887de5c6907a4b7777ffb499e031cbef
MRI/bids/SFB1451C05_9751P210517/tSFB1451C05_9751P210517_20210517115137_0020_dMRI_b=0_PA.bval	18	50e540b9133a028f0dd4886b6eab3fb5
MRI/bids/SFB1451C05_9751P210517/tSFB1451C05_9751P210517_20210517115137_0013_T2w_SPC.nii.gz	27123635	60d574fa2daefe1ca61e6e740c384473
MRI/bids/SFB1451C05_9751P210517/tSFB1451C05_9751P210517_20210517115137_0006_Localizer_aligned_i00008.nii.gz	49689	610ed7c7184d12624645ef78731d920e
MRI/bids/SFB1451C05_9751P210517/tSFB1451C05_9751P210517_20210517115137_0023_dMRI_dir99_AP_SBRef.nii.gz	3067986	03e198534d2c994822340b6d336871cc
MRI/bids/SFB1451C05_9751P210517/tSFB1451C05_9751P210517_20210517115137_0012_T1w_MPR.nii.gz	14616907	c258a982e710eb166c6a559886a0210d
MRI/bids/SFB1451C05_9751P210517/tSFB1451C05_9751P210517_20210517115137_0005_AAHead_Scout_64ch-head-coil_MPR_tra_i00003.nii.gz	20839	abf4b899a7ed51a92f38ca61d54a27b1
MRI/bids/SFB1451C05_9751P210517/tSFB1451C05_9751P210517_20210517115137_0020_dMRI_b=0_PA.bvec	253	6bfbb0b0350bbfdb9b3db9b969c32606
MRI/bids/SFB1451C05_9751P210517/tSFB1451C05_9751P210517_20210517115137_0024_dMRI_dir99_AP.bvec	2821	1634d5bc353317bfca2ee4131987f120
MRI/bids/SFB1451C05_9751P210517/tSFB1451C05_9751P210517_20210517115137_0019_dMRI_b=0_PA_SBRef.nii.gz	3031480	b5694348ece4340d7e1637011895293a
MRI/bids/SFB1451C05_9751P210517/tSFB1451C05_9751P210517_20210517115137_0004_AAHead_Scout_64ch-head-coil_MPR_cor_i00001.json	1939	80594ab10252d5bbeb4a4d5beea39577
MRI/bids/SFB1451C05_9751P210517/tSFB1451C05_9751P210517_20210517115137_0001_Localizer_i00002.json	1824	b252a22b2cf98fec1180c5cb1941f406
MRI/bids/SFB1451C05_9751P210517/tSFB1451C05_9751P210517_20210517115137_0022_dMRI_dir98_AP.nii.gz	263199238	a70b49e0feba3960cd7da99e5ba01851
MRI/bids/SFB1451C05_9751P210517/tSFB1451C05_9751P210517_20210517115137_0007_rfMRI_resting_AP_SBRef.json	2982	b0f0bbc7e36451e668624893672310ca
MRI/bids/SFB1451C05_9751P210517/tSFB1451C05_9751P210517_20210517115137_0017_dMRI_b=0_AP_SBRef.json	3198	076970282d82cdda117fdcd7dd249fe4
MRI/bids/SFB1451C05_9751P210517/tSFB1451C05_9751P210517_20210517115137_0020_dMRI_b=0_PA.nii.gz	25463264	fbd7d9059706a21d3881485640dcb763
MRI/bids/SFB1451C05_9751P210517/tSFB1451C05_9751P210517_20210517115137_0003_AAHead_Scout_64ch-head-coil_MPR_sag_i00003.nii.gz	27109	deb10d3b0da4e2058a73b335af5df930
MRI/bids/SFB1451C05_9751P210517/tSFB1451C05_9751P210517_20210517115137_0018_dMRI_b=0_AP.bvec	253	6bfbb0b0350bbfdb9b3db9b969c32606
MRI/bids/SFB1451C05_9751P210517/tSFB1451C05_9751P210517_20210517115137_0017_dMRI_b=0_AP_SBRef.nii.gz	3071040	7e0ab4c1282d7f75d15168384aa91245
MRI/bids/SFB1451C05_9751P210517/tSFB1451C05_9751P210517_20210517115137_0019_dMRI_b=0_PA_SBRef.json	3205	214a3e142431015497cee990e71edef0
MRI/bids/SFB1451C05_9751P210517/tSFB1451C05_9751P210517_20210517115137_0007_rfMRI_resting_AP_SBRef.nii.gz	1327945	07893e8e5c297f5343173a06c73d31fe
MRI/bids/SFB1451C05_9751P210517/tSFB1451C05_9751P210517_20210517115137_0001_Localizer_i00001.nii.gz	58419	dae890b664452cef1e16e5687d2a3c6a
MRI/bids/SFB1451C05_9751P210517/tSFB1451C05_9751P210517_20210517115137_0004_AAHead_Scout_64ch-head-coil_MPR_cor_i00003.nii.gz	22595	3fd75bf497ce7ac834cbb0731df74df1
MRI/bids/SFB1451C05_9751P210517/tSFB1451C05_9751P210517_20210517115137_0008_rfMRI_resting_AP.nii.gz	938692197	36e1ad0f8f12d26a04ee0a5be8123241
MRI/bids/SFB1451C05_9751P210517/tSFB1451C05_9751P210517_20210517115137_0024_dMRI_dir99_AP.bval	479	320655833438f6f98ae4ba778c1d7932
MRI/bids/SFB1451C05_9751P210517/tSFB1451C05_9751P210517_20210517115137_0014_T2w_SPC.json	2017	5599b278d9ba3a1fa4220d457e04ce75
MRI/bids/SFB1451C05_9751P210517/tSFB1451C05_9751P210517_20210517115137_0001_Localizer_i00001.json	1824	f849cc878b9ec1dcabb8f01f7dac0e6d
MRI/bids/SFB1451C05_9751P210517/tSFB1451C05_9751P210517_20210517115137_0006_Localizer_aligned_i00008.json	1906	d609bb2385e2f6f02831cebc28a0caa4
MRI/bids/SFB1451C05_9751P210517/tSFB1451C05_9751P210517_20210517115137_0003_AAHead_Scout_64ch-head-coil_MPR_sag_i00001.json	1943	e541e348bd484327bc044ec7c90a5da6
MRI/bids/SFB1451C05_9751P210517/tSFB1451C05_9751P210517_20210517115137_0002_AAHead_Scout_64ch-head-coil.nii.gz	2708792	79d48d4cf88da832a0968b7959899096
MRI/bids/SFB1451C05_9751P210517/tSFB1451C05_9751P210517_20210517115137_0011_rfMRI_resting_PA.nii.gz	12455314	3efc7d7d45a9b1564bd9ba64ebb65796
MRI/bids/SFB1451C05_9751P210517/tSFB1451C05_9751P210517_20210517115137_0016_ep2d_diff_slice.bval	5	ad865d2f63b9feb2552c220385fbb7e3
MRI/bids/SFB1451C05_9751P210517/tSFB1451C05_9751P210517_20210517115137_0016_ep2d_diff_slice.nii.gz	384001	f781db1971111a07d99e501c8428b655
MRI/bids/SFB1451C05_9751P210517/tSFB1451C05_9751P210517_20210517115137_0003_AAHead_Scout_64ch-head-coil_MPR_sag_i00001.nii.gz	45415	ae7d6cb1929f696c2e5be569ef377a09
MRI/bids/SFB1451C05_9751P210517/tSFB1451C05_9751P210517_20210517115137_0006_Localizer_aligned_i00001.nii.gz	369384	fb731acf5a366a10a1767609a0939664
MRI/bids/SFB1451C05_9751P210517/tSFB1451C05_9751P210517_20210517115137_0021_dMRI_dir98_AP_SBRef.nii.gz	3075055	1651f313b5fd84d73fe8601976fab5c5
MRI/bids/SFB1451C05_9751P210517/tSFB1451C05_9751P210517_20210517115137_0005_AAHead_Scout_64ch-head-coil_MPR_tra_i00001.nii.gz	21371	54b94b7eca5bdebb84da96f0c3daa1fe
MRI/bids/SFB1451C05_9751P210517/tSFB1451C05_9751P210517_20210517115137_0003_AAHead_Scout_64ch-head-coil_MPR_sag_i00004.nii.gz	25525	270fd1087ac0e819786aebf6776e3df9
MRI/bids/SFB1451C05_9751P210517/tSFB1451C05_9751P210517_20210517115137_0006_Localizer_aligned_i00009.json	1907	7ea5efac3ef0632ed0ed0c181f5f6dde
MRI/bids/SFB1451C05_9751P210517/tSFB1451C05_9751P210517_20210517115137_0006_Localizer_aligned_i00009.nii.gz	43600	f26d032368888c44d8b849f3585c836c
MRI/bids/SFB1451C05_9751P210517/tSFB1451C05_9751P210517_20210517115137_0001_Localizer_i00003.nii.gz	44144	8d3e79dd17d435ccd18fd6e74da611cb
MRI/bids/SFB1451C05_9751P210517/tSFB1451C05_9751P210517_20210517115137_0005_AAHead_Scout_64ch-head-coil_MPR_tra_i00003.json	1940	ff062c82f4a6886d5040e22d1aa7b23d
MRI/bids/SFB1451C05_9751P210517/tSFB1451C05_9751P210517_20210517115137_0003_AAHead_Scout_64ch-head-coil_MPR_sag_i00004.json	1941	ea59f98e37b4e95c27e6351774f8e207
MRI/bids/SFB1451C05_9751P210517/tSFB1451C05_9751P210517_20210517115137_0008_rfMRI_resting_AP.json	2993	8cbebc691f77d7e72a52b60010ad0207
MRI/bids/SFB1451C05_9751P210517/tSFB1451C05_9751P210517_20210517115137_0005_AAHead_Scout_64ch-head-coil_MPR_tra_i00002.json	1940	85add34278d7f3615e1ff2a2ed016b24
MRI/bids/SFB1451C05_9751P210517/tSFB1451C05_9751P210517_20210517115137_0016_ep2d_diff_slice.bvec	26	d64cb37b70639fcf407e75b2029aa3cb
MRI/bids/SFB1451C05_9751P210517/tSFB1451C05_9751P210517_20210517115137_0011_rfMRI_resting_PA.json	2988	0f5fefc0f4da3724d6fc430b32fb6511
MRI/bids/SFB1451C05_9751P210517/tSFB1451C05_9751P210517_20210517115137_0003_AAHead_Scout_64ch-head-coil_MPR_sag_i00003.json	1941	3d00c109a32c62e62882e1f3e64b8a30
MRI/bids/SFB1451C05_9751P210517/tSFB1451C05_9751P210517_20210517115137_0010_rfMRI_resting_PA_SBRef.json	2971	9f1f4f49773a26f8c5a5d0b955243ef1
MRI/bids/SFB1451C05_9751P210517/tSFB1451C05_9751P210517_20210517115137_0001_Localizer_i00003.json	1823	f64e58ffb91ed0613e63d68aca66d080
MRI/bids/SFB1451C05_9751P210517/tSFB1451C05_9751P210517_20210517115137_0018_dMRI_b=0_AP.bval	18	50e540b9133a028f0dd4886b6eab3fb5
MRI/bids/SFB1451C05_9751P210517/tSFB1451C05_9751P210517_20210517115137_0022_dMRI_dir98_AP.json	3257	56540302ad7916068990baf58ae10bd7
MRI/bids/SFB1451C05_9751P210517/tSFB1451C05_9751P210517_20210517115137_0004_AAHead_Scout_64ch-head-coil_MPR_cor_i00003.json	1941	dff203989bbf3449d5fd91104a26ae52
MRI/bids/SFB1451C05_9751P210517/tSFB1451C05_9751P210517_20210517115137_0006_Localizer_aligned_i00001.json	2000	9a1bc9b59c927b9c0346fdb19b06f771
MRI/bids/SFB1451C05_9751P210517/tSFB1451C05_9751P210517_20210517115137_0005_AAHead_Scout_64ch-head-coil_MPR_tra_i00001.json	1941	9f08d1d72319271f3523337d62fba57c
MRI/bids/SFB1451C05_9751P210517/tSFB1451C05_9751P210517_20210517115137_0001_Localizer_i00002.nii.gz	52203	73fe239b2944e96a072b3fcb466c6b84
MRI/bids/SFB1451C05_9751P210517/tSFB1451C05_9751P210517_20210517115137_0002_AAHead_Scout_64ch-head-coil.json	1891	a696b8afa4e6ef3ffc77c08ee037e880
MRI/bids/SFB1451C05_9751P210517/tSFB1451C05_9751P210517_20210517115137_0003_AAHead_Scout_64ch-head-coil_MPR_sag_i00002.json	1939	a7ab9fecbf61bb4015770b9c174666ed
MRI/bids/SFB1451C05_9751P210517/tSFB1451C05_9751P210517_20210517115137_0010_rfMRI_resting_PA_SBRef.nii.gz	1301357	749cd438048e188f4cb5fab4c587883f
MRI/bids/SFB1451C05_10116P220504/tSFB1451C05_10116P220504_20220504112618_0013_ep2d_diff_slice.bval	3	9da30406da40e96ba79a5c4f8ff1dd72
MRI/bids/SFB1451C05_10116P220504/tSFB1451C05_10116P220504_20220504112618_0013_ep2d_diff_slice.nii.gz	350133	dc4e70ce07ec5320458ac8f9d3a41c0d
MRI/bids/SFB1451C05_10116P220504/tSFB1451C05_10116P220504_20220504112618_0001_localizera.json	1428	ea398d6028434ff57bf14dd23069632e
MRI/bids/SFB1451C05_10116P220504/tSFB1451C05_10116P220504_20220504112618_0012_Axial_T2-FLAIR.json	1949	652bcd06212bbac59fc6c36d17cb376b
MRI/bids/SFB1451C05_10116P220504/tSFB1451C05_10116P220504_20220504112618_0001_localizera.nii.gz	583172	6b3cd8107845c4dd71b4f05fd6bd0d0b
MRI/bids/SFB1451C05_10116P220504/tSFB1451C05_10116P220504_20220504112618_0002_rfMRI_resting_AP.nii.gz	722431378	06f8864be27294ced5f9cb25a43f6ac4
MRI/bids/SFB1451C05_10116P220504/tSFB1451C05_10116P220504_20220504112618_0004_rfMRI_resting_PA.nii.gz	9728966	08e30c8d176a7d13fc9143a4c7244e00
MRI/bids/SFB1451C05_10116P220504/tSFB1451C05_10116P220504_20220504112618_0001_localizer.nii.gz	143816	faef0cec15c006213ec75acad9c03edc
MRI/bids/SFB1451C05_10116P220504/tSFB1451C05_10116P220504_20220504112618_0008_tfMRI_tapping_PA.nii.gz	9748446	f9701a2f9c34e81e40cddf91690c4c7d
MRI/bids/SFB1451C05_10116P220504/tSFB1451C05_10116P220504_20220504112618_0011_t2w_space_0.9mm.nii.gz	9040173	2797834848e349f2b8b20ea37523ef9a
MRI/bids/SFB1451C05_10116P220504/tSFB1451C05_10116P220504_20220504112618_0011_t2w_space_0.9mm.json	1554	e54eec3d83ae821a1d0388b5817088de
MRI/bids/SFB1451C05_10116P220504/tSFB1451C05_10116P220504_20220504112618_0010_t1_mprage_0.9mm.json	1465	1fd7efa11979c430f96f1b61970ad096
MRI/bids/SFB1451C05_10116P220504/tSFB1451C05_10116P220504_20220504112618_0001_localizer.json	1401	876cf8ef8d93a3af328ffee89420b092
MRI/bids/SFB1451C05_10116P220504/tSFB1451C05_10116P220504_20220504112618_0012_Axial_T2-FLAIR.nii.gz	2145333	053dac1c342a526ac0ac7aad2468575d
MRI/bids/SFB1451C05_10116P220504/tSFB1451C05_10116P220504_20220504112618_0013_ep2d_diff_slice.bvec	9	9c38853c6fa5c4ab4061220ecdd17d68
MRI/bids/SFB1451C05_10116P220504/tSFB1451C05_10116P220504_20220504112618_0013_ep2d_diff_slice.json	1973	61b4b367c250c1cafb9f5826c790e053
MRI/bids/SFB1451C05_10116P220504/tSFB1451C05_10116P220504_20220504112618_0006_tfMRI_tapping_AP.json	2370	72d9d611289678cdd0ad2fca71013ff3
MRI/bids/SFB1451C05_10116P220504/tSFB1451C05_10116P220504_20220504112618_0004_rfMRI_resting_PA.json	2395	b7d51339afc478e62b5e5bff8c8fbd88
MRI/bids/SFB1451C05_10116P220504/tSFB1451C05_10116P220504_20220504112618_0002_rfMRI_resting_AP.json	2370	3279dd687b8634abde02ec5d5d1a26f1
MRI/bids/SFB1451C05_10116P220504/tSFB1451C05_10116P220504_20220504112618_0006_tfMRI_tapping_AP.nii.gz	407542925	369ba33dee52a3c80521f247f3d36473
MRI/bids/SFB1451C05_10116P220504/tSFB1451C05_10116P220504_20220504112618_0008_tfMRI_tapping_PA.json	2371	81f6abeecf305ec6c7ed52f1df4c9d82
MRI/bids/SFB1451C05_10116P220504/tSFB1451C05_10116P220504_20220504112618_0010_t1_mprage_0.9mm.nii.gz	10850847	e0d1380b6843898096807b8ca57343a4
MRI/bids/SFB1451C05_9909P210902/tSFB1451C05_9909P210902_20210902113136_0034_dMRI_dir99_AP.bval	479	4ffa1161ca2fc1feae2eded2d73a987d
MRI/bids/SFB1451C05_9909P210902/tSFB1451C05_9909P210902_20210902113136_0007_rfMRI_resting_AP_SBRef.nii.gz	1339228	e5eac7f9d10cfa9ec2d001fb390bb3dd
MRI/bids/SFB1451C05_9909P210902/tSFB1451C05_9909P210902_20210902113136_0019_tfMRI_tapping_AP_SBRef.nii.gz	1338613	53c184f7db549b73a2bf864456764e48
MRI/bids/SFB1451C05_9909P210902/tSFB1451C05_9909P210902_20210902113136_0029_dMRI_b=0_PA_SBRef.nii.gz	3041584	adec7fb274b9d5020b1b4ef96bc24cb7
MRI/bids/SFB1451C05_9909P210902/tSFB1451C05_9909P210902_20210902113136_0001_Localizer_i00001.json	1825	427b00983f8f9103ae62a8fdfd49a29d
MRI/bids/SFB1451C05_9909P210902/tSFB1451C05_9909P210902_20210902113136_0003_AAHead_Scout_64ch-head-coil_MPR_sag_i00001.json	1937	813af186a2f1e278147444ad9d59a48b
MRI/bids/SFB1451C05_9909P210902/tSFB1451C05_9909P210902_20210902113136_0031_dMRI_dir98_AP_SBRef.json	3136	514b171c2f2ad31f22d7905967b8f141
MRI/bids/SFB1451C05_9909P210902/tSFB1451C05_9909P210902_20210902113136_0013_tfMRI_tapping_AP_SBRef.json	3003	7eaee8e4930bb459ce301efb0e080e5a
MRI/bids/SFB1451C05_9909P210902/tSFB1451C05_9909P210902_20210902113136_0018_T2w_SPC.nii.gz	25092273	ebb73e6a6966811b36ea3fbb3ae32bef
MRI/bids/SFB1451C05_9909P210902/tSFB1451C05_9909P210902_20210902113136_0026_Localizer_i00001.json	1825	931e9814e8fa42fcd6f971b82779735d
MRI/bids/SFB1451C05_9909P210902/tSFB1451C05_9909P210902_20210902113136_0033_dMRI_dir99_AP_SBRef.json	3141	46d6a6db040ca893030e6c08f1696863
MRI/bids/SFB1451C05_9909P210902/tSFB1451C05_9909P210902_20210902113136_0033_dMRI_dir99_AP_SBRef.nii.gz	3066065	ae97ef680bc96011b0f3ab77c7821058
MRI/bids/SFB1451C05_9909P210902/tSFB1451C05_9909P210902_20210902113136_0029_dMRI_b=0_PA_SBRef.json	3136	f5691f8b58ea6b9fe9cd0ac2fdf47303
MRI/bids/SFB1451C05_9909P210902/tSFB1451C05_9909P210902_20210902113136_0003_AAHead_Scout_64ch-head-coil_MPR_sag_i00004.json	1940	f55dd2a78e11e9e2d8adf62a6b44780e
MRI/bids/SFB1451C05_9909P210902/tSFB1451C05_9909P210902_20210902113136_0002_AAHead_Scout_64ch-head-coil.nii.gz	2949388	3680f550461d455e1bc57a7dfe90a557
MRI/bids/SFB1451C05_9909P210902/tSFB1451C05_9909P210902_20210902113136_0008_rfMRI_resting_AP.json	3000	f2ee3b5070c7917dee5891899624e746
MRI/bids/SFB1451C05_9909P210902/tSFB1451C05_9909P210902_20210902113136_0003_AAHead_Scout_64ch-head-coil_MPR_sag_i00002.json	1937	e12b6f08096053097667048fb99c932d
MRI/bids/SFB1451C05_9909P210902/tSFB1451C05_9909P210902_20210902113136_0005_AAHead_Scout_64ch-head-coil_MPR_tra_i00003.json	1941	0342228912859f30192a81540e7503d4
MRI/bids/SFB1451C05_9909P210902/tSFB1451C05_9909P210902_20210902113136_0025_ep2d_diff_slice.bvec	32	4d4ca3f9d76f9ce4c877331006344365
MRI/bids/SFB1451C05_9909P210902/tSFB1451C05_9909P210902_20210902113136_0006_Localizer_aligned_i00009.nii.gz	46383	a4458b71fc603668e2c64d26a775cb89
MRI/bids/SFB1451C05_9909P210902/tSFB1451C05_9909P210902_20210902113136_0008_rfMRI_resting_AP.nii.gz	949530366	2ab61daa991d24983a4416570648a781
MRI/bids/SFB1451C05_9909P210902/tSFB1451C05_9909P210902_20210902113136_0004_AAHead_Scout_64ch-head-coil_MPR_cor_i00003.nii.gz	23936	9d5386cb9eefd0c337950244767b5da6
MRI/bids/SFB1451C05_9909P210902/tSFB1451C05_9909P210902_20210902113136_0028_dMRI_b=0_AP.bvec	225	8ea82166abb5599c4c501c1a176aa28c
MRI/bids/SFB1451C05_9909P210902/tSFB1451C05_9909P210902_20210902113136_0032_dMRI_dir98_AP.nii.gz	264625854	f569224271bfeb8015b15c6738a28739
MRI/bids/SFB1451C05_9909P210902/tSFB1451C05_9909P210902_20210902113136_0004_AAHead_Scout_64ch-head-coil_MPR_cor_i00003.json	1941	c8d65e3e498f75a7ff9aa4c4423642a0
MRI/bids/SFB1451C05_9909P210902/tSFB1451C05_9909P210902_20210902113136_0001_Localizer_i00002.nii.gz	54155	2619db9d98c7969904a0e0a803cee58c
MRI/bids/SFB1451C05_9909P210902/tSFB1451C05_9909P210902_20210902113136_0003_AAHead_Scout_64ch-head-coil_MPR_sag_i00003.nii.gz	28822	a3149ab601dfb0cd52de294d8a33dfc4
MRI/bids/SFB1451C05_9909P210902/tSFB1451C05_9909P210902_20210902113136_0011_rfMRI_resting_PA.json	3022	56f47e5fad9a226a5c508bd236642284
MRI/bids/SFB1451C05_9909P210902/tSFB1451C05_9909P210902_20210902113136_0034_dMRI_dir99_AP.nii.gz	267235420	e83ec005ee12f888cbb79afe5ebaf1c5
MRI/bids/SFB1451C05_9909P210902/tSFB1451C05_9909P210902_20210902113136_0004_AAHead_Scout_64ch-head-coil_MPR_cor_i00002.nii.gz	24582	5578584ce3a2f1ab3472b845992da819
MRI/bids/SFB1451C05_9909P210902/tSFB1451C05_9909P210902_20210902113136_0017_T2w_SPC.json	2000	62ce2ef8a152e96dcf2f95a13b743888
MRI/bids/SFB1451C05_9909P210902/tSFB1451C05_9909P210902_20210902113136_0032_dMRI_dir98_AP.json	3190	ceda51c6c8d2c02ecc16608e19347b23
MRI/bids/SFB1451C05_9909P210902/tSFB1451C05_9909P210902_20210902113136_0005_AAHead_Scout_64ch-head-coil_MPR_tra_i00001.json	1939	6c74ef7a464ec3d02dec5b8f63eac56c
MRI/bids/SFB1451C05_9909P210902/tSFB1451C05_9909P210902_20210902113136_0023_tfMRI_tapping_PA.nii.gz	12715067	bdab9348e88bef914f7a2a300107b8e1
MRI/bids/SFB1451C05_9909P210902/tSFB1451C05_9909P210902_20210902113136_0005_AAHead_Scout_64ch-head-coil_MPR_tra_i00001.nii.gz	23128	aaec473baaebba19486ba61378ae82f9
MRI/bids/SFB1451C05_9909P210902/tSFB1451C05_9909P210902_20210902113136_0017_T2w_SPC.nii.gz	26813006	fe0ebef93ffb1dd6e985bf754c4f6a31
MRI/bids/SFB1451C05_9909P210902/tSFB1451C05_9909P210902_20210902113136_0034_dMRI_dir99_AP.json	3194	999b47cd1e7f43317c91caea039f70ca
MRI/bids/SFB1451C05_9909P210902/tSFB1451C05_9909P210902_20210902113136_0003_AAHead_Scout_64ch-head-coil_MPR_sag_i00003.json	1940	72095e984f8301b2baa3f948dabc43c9
MRI/bids/SFB1451C05_9909P210902/tSFB1451C05_9909P210902_20210902113136_0020_tfMRI_tapping_AP.nii.gz	534399403	8e2ee4f571cb9c6b1d491e8ad98f8337
MRI/bids/SFB1451C05_9909P210902/tSFB1451C05_9909P210902_20210902113136_0001_Localizer_i00003.nii.gz	45602	f04b27d533739be844ef5e91f6fd6784
MRI/bids/SFB1451C05_9909P210902/tSFB1451C05_9909P210902_20210902113136_0026_Localizer_i00002.nii.gz	51724	a7c37f405e988ce8e7a0d833a323eadf
MRI/bids/SFB1451C05_9909P210902/tSFB1451C05_9909P210902_20210902113136_0019_tfMRI_tapping_AP_SBRef.json	3007	aede9b98d6c78c25f63d8879fd383a3c
MRI/bids/SFB1451C05_9909P210902/tSFB1451C05_9909P210902_20210902113136_0010_rfMRI_resting_PA_SBRef.nii.gz	1313298	085b2b4ac35659401388fcf717735361
MRI/bids/SFB1451C05_9909P210902/tSFB1451C05_9909P210902_20210902113136_0006_Localizer_aligned_i00001.json	2000	acd205df34c7434bc0dedeec51d36683
MRI/bids/SFB1451C05_9909P210902/tSFB1451C05_9909P210902_20210902113136_0014_tfMRI_tapping_PA_SBRef.nii.gz	1316868	d45f05a5afb5fa12f7159eed6ebabf5a
MRI/bids/SFB1451C05_9909P210902/tSFB1451C05_9909P210902_20210902113136_0003_AAHead_Scout_64ch-head-coil_MPR_sag_i00002.nii.gz	27058	a8e03bbb78260b2f0afaf2a9ff0adeb5
MRI/bids/SFB1451C05_9909P210902/tSFB1451C05_9909P210902_20210902113136_0001_Localizer_i00003.json	1824	1340a491770e002b3a442117ca656688
MRI/bids/SFB1451C05_9909P210902/tSFB1451C05_9909P210902_20210902113136_0004_AAHead_Scout_64ch-head-coil_MPR_cor_i00002.json	1945	b0b706f1f05f6d36371c02483aabbc9b
MRI/bids/SFB1451C05_9909P210902/tSFB1451C05_9909P210902_20210902113136_0005_AAHead_Scout_64ch-head-coil_MPR_tra_i00003.nii.gz	22317	94c1a39e58c18e37ca95b9ed2407793a
MRI/bids/SFB1451C05_9909P210902/tSFB1451C05_9909P210902_20210902113136_0022_tfMRI_tapping_PA_SBRef.nii.gz	1316337	cd2de720564880a34ec4ce5e76ee5830
MRI/bids/SFB1451C05_9909P210902/tSFB1451C05_9909P210902_20210902113136_0015_tfMRI_tapping_PA.json	3022	774c3eb7fb3e4ed00b3c7ed28921c0c8
MRI/bids/SFB1451C05_9909P210902/tSFB1451C05_9909P210902_20210902113136_0027_dMRI_b=0_AP_SBRef.json	3134	b4fd8dcb80ea9bb0610a4f4ad9ed7f12
MRI/bids/SFB1451C05_9909P210902/tSFB1451C05_9909P210902_20210902113136_0020_tfMRI_tapping_AP.json	3024	1cd17bbbf9697a451b00c3e3ff1b37a4
MRI/bids/SFB1451C05_9909P210902/tSFB1451C05_9909P210902_20210902113136_0006_Localizer_aligned_i00008.nii.gz	51956	2ef8744877fa5870d8c48d4ec267012b
MRI/bids/SFB1451C05_9909P210902/tSFB1451C05_9909P210902_20210902113136_0006_Localizer_aligned_i00009.json	1912	bc2abbc973d68fa046186068cad40083
MRI/bids/SFB1451C05_9909P210902/tSFB1451C05_9909P210902_20210902113136_0003_AAHead_Scout_64ch-head-coil_MPR_sag_i00004.nii.gz	26492	f5b91be5572ae0b1ab26c702a70ba411
MRI/bids/SFB1451C05_9909P210902/tSFB1451C05_9909P210902_20210902113136_0010_rfMRI_resting_PA_SBRef.json	3005	470ad08a69c7eff7bf613ee4d0efc7da
MRI/bids/SFB1451C05_9909P210902/tSFB1451C05_9909P210902_20210902113136_0028_dMRI_b=0_AP.bval	18	50e540b9133a028f0dd4886b6eab3fb5
MRI/bids/SFB1451C05_9909P210902/tSFB1451C05_9909P210902_20210902113136_0032_dMRI_dir98_AP.bvec	2793	be3f66262cc4cff6782c60d9f87ecd1f
MRI/bids/SFB1451C05_9909P210902/tSFB1451C05_9909P210902_20210902113136_0013_tfMRI_tapping_AP_SBRef.nii.gz	1338838	3d6600389b6e20442a9c6689e21e83ff
MRI/bids/SFB1451C05_9909P210902/tSFB1451C05_9909P210902_20210902113136_0001_Localizer_i00002.json	1825	051417f01ba51575ab0e0768692de8aa
MRI/bids/SFB1451C05_9909P210902/tSFB1451C05_9909P210902_20210902113136_0028_dMRI_b=0_AP.json	3190	641bde88fef4adb1a807cfc4582ad7e8
MRI/bids/SFB1451C05_9909P210902/tSFB1451C05_9909P210902_20210902113136_0030_dMRI_b=0_PA.nii.gz	25677902	f8d7f4754da693f18fe7f69a02560975
MRI/bids/SFB1451C05_9909P210902/tSFB1451C05_9909P210902_20210902113136_0004_AAHead_Scout_64ch-head-coil_MPR_cor_i00001.nii.gz	22990	43e4e2f4e49a3d31b286edd85adf2f56
MRI/bids/SFB1451C05_9909P210902/tSFB1451C05_9909P210902_20210902113136_0011_rfMRI_resting_PA.nii.gz	12644353	324895b3be98bb75353ee4eed2c76a95
MRI/bids/SFB1451C05_9909P210902/tSFB1451C05_9909P210902_20210902113136_0016_T1w_MPR.nii.gz	15480593	51c5190149acb063c52d2236a91d5771
MRI/bids/SFB1451C05_9909P210902/tSFB1451C05_9909P210902_20210902113136_0025_ep2d_diff_slice.nii.gz	411716	85c0809141176c297b475ba2e07ef82f
MRI/bids/SFB1451C05_9909P210902/tSFB1451C05_9909P210902_20210902113136_0031_dMRI_dir98_AP_SBRef.nii.gz	3068037	1b474eb31c89dcc9ac56078d1eb9ead8
MRI/bids/SFB1451C05_9909P210902/tSFB1451C05_9909P210902_20210902113136_0014_tfMRI_tapping_PA_SBRef.json	3004	8e5d690fa02037051666edd80e7aaa27
MRI/bids/SFB1451C05_9909P210902/tSFB1451C05_9909P210902_20210902113136_0004_AAHead_Scout_64ch-head-coil_MPR_cor_i00001.json	1941	a2c0d077f2c60ccc64bf9552629bae66
MRI/bids/SFB1451C05_9909P210902/tSFB1451C05_9909P210902_20210902113136_0026_Localizer_i00002.json	1825	3ae8f0826c683971c90916d5a3f2f834
MRI/bids/SFB1451C05_9909P210902/tSFB1451C05_9909P210902_20210902113136_0023_tfMRI_tapping_PA.json	3021	8af6c19fe684772158e0b08b62b3efd7
MRI/bids/SFB1451C05_9909P210902/tSFB1451C05_9909P210902_20210902113136_0026_Localizer_i00001.nii.gz	60992	e2e23f209e7ceb3e012923dd2374d9fc
MRI/bids/SFB1451C05_9909P210902/tSFB1451C05_9909P210902_20210902113136_0030_dMRI_b=0_PA.bvec	225	8ea82166abb5599c4c501c1a176aa28c
MRI/bids/SFB1451C05_9909P210902/tSFB1451C05_9909P210902_20210902113136_0003_AAHead_Scout_64ch-head-coil_MPR_sag_i00001.nii.gz	49286	49c05285bad4a79eb77845b987c76bda
MRI/bids/SFB1451C05_9909P210902/tSFB1451C05_9909P210902_20210902113136_0032_dMRI_dir98_AP.bval	474	93ec5de1174da4a2b94643981a892041
MRI/bids/SFB1451C05_9909P210902/tSFB1451C05_9909P210902_20210902113136_0026_Localizer_i00003.json	1824	ba54b60410970249de0a01c9752eb2c7
MRI/bids/SFB1451C05_9909P210902/tSFB1451C05_9909P210902_20210902113136_0022_tfMRI_tapping_PA_SBRef.json	3004	bd5931d27a702d0c5c8b57e53f47e451
MRI/bids/SFB1451C05_9909P210902/tSFB1451C05_9909P210902_20210902113136_0002_AAHead_Scout_64ch-head-coil.json	1891	0a1ea3778d5c55b050ad91637148b42a
MRI/bids/SFB1451C05_9909P210902/tSFB1451C05_9909P210902_20210902113136_0025_ep2d_diff_slice.bval	5	ad865d2f63b9feb2552c220385fbb7e3
MRI/bids/SFB1451C05_9909P210902/tSFB1451C05_9909P210902_20210902113136_0015_tfMRI_tapping_PA.nii.gz	12693146	077c50d6bbac871d17ea4a980262e8a0
MRI/bids/SFB1451C05_9909P210902/tSFB1451C05_9909P210902_20210902113136_0016_T1w_MPR.json	1968	5e5dc54344fcc968cd105483e84887f4
MRI/bids/SFB1451C05_9909P210902/tSFB1451C05_9909P210902_20210902113136_0028_dMRI_b=0_AP.nii.gz	25827845	725a3b4dead77acd1d7533fedf0f158a
MRI/bids/SFB1451C05_9909P210902/tSFB1451C05_9909P210902_20210902113136_0030_dMRI_b=0_PA.json	3187	e94a49c3f9b9c3c3a28c0ff66f2d94ca
MRI/bids/SFB1451C05_9909P210902/tSFB1451C05_9909P210902_20210902113136_0027_dMRI_b=0_AP_SBRef.nii.gz	3064699	640312372880f1c559b06779fad7e120
MRI/bids/SFB1451C05_9909P210902/tSFB1451C05_9909P210902_20210902113136_0018_T2w_SPC.json	2021	a16cd8efbd1f45d9f06781abfc47bee6
MRI/bids/SFB1451C05_9909P210902/tSFB1451C05_9909P210902_20210902113136_0006_Localizer_aligned_i00001.nii.gz	389227	9d66b05c072f5dd9eeb902b09e43a4a7
MRI/bids/SFB1451C05_9909P210902/tSFB1451C05_9909P210902_20210902113136_0006_Localizer_aligned_i00008.json	1909	8b7f2d664f5ea809c78e194eebdf5c0c
MRI/bids/SFB1451C05_9909P210902/tSFB1451C05_9909P210902_20210902113136_0025_ep2d_diff_slice.json	2567	1c428f137d4e26b7e7d67afdb28df46c
MRI/bids/SFB1451C05_9909P210902/tSFB1451C05_9909P210902_20210902113136_0024_Axial_T2-FLAIR.nii.gz	2532033	f780086519417a2d2aac11d7f57a4a62
MRI/bids/SFB1451C05_9909P210902/tSFB1451C05_9909P210902_20210902113136_0005_AAHead_Scout_64ch-head-coil_MPR_tra_i00002.json	1946	1d7c79b5dcd5fc2b97f32580d25c9948
MRI/bids/SFB1451C05_9909P210902/tSFB1451C05_9909P210902_20210902113136_0024_Axial_T2-FLAIR.json	2452	e747997c0413d759538bf9e1a5226143
MRI/bids/SFB1451C05_9909P210902/tSFB1451C05_9909P210902_20210902113136_0030_dMRI_b=0_PA.bval	18	50e540b9133a028f0dd4886b6eab3fb5
MRI/bids/SFB1451C05_9909P210902/tSFB1451C05_9909P210902_20210902113136_0034_dMRI_dir99_AP.bvec	2808	799c7b94524a3f7a3c08957124958d5e
MRI/bids/SFB1451C05_9909P210902/tSFB1451C05_9909P210902_20210902113136_0007_rfMRI_resting_AP_SBRef.json	3009	993f5875e2774029d66a0cac4daacf8a
MRI/bids/SFB1451C05_9909P210902/tSFB1451C05_9909P210902_20210902113136_0005_AAHead_Scout_64ch-head-coil_MPR_tra_i00002.nii.gz	22030	5c0575526144fb97e061c2c0322331bd
MRI/bids/SFB1451C05_9909P210902/tSFB1451C05_9909P210902_20210902113136_0001_Localizer_i00001.nii.gz	61072	f8efcb8abb3a6d320ed5bc91c990b559
MRI/bids/SFB1451C05_9909P210902/tSFB1451C05_9909P210902_20210902113136_0026_Localizer_i00003.nii.gz	45932	a6a907dfa5370d7867b7f82593c62bdd
MRI/bids/SFB1451C05_10084P220329/tSFB1451C05_10084P220329_20220329153309_0018_dMRI_dir99_AP_ADC.nii.gz	2449764	343d66c00733f9bf3c0191c1e0abfba9
MRI/bids/SFB1451C05_10084P220329/tSFB1451C05_10084P220329_20220329153309_0013_dMRI_dir98_AP_FA.json	2509	4f05d51a6a8850737df9abc25339483f
MRI/bids/SFB1451C05_10084P220329/tSFB1451C05_10084P220329_20220329153309_0010_dMRI_dir98_AP.bvec	2655	bc861d2522f8265e72f059750578573d
MRI/bids/SFB1451C05_10084P220329/tSFB1451C05_10084P220329_20220329153309_0004_Axial_T2-FLAIR.nii.gz	2092855	eb7259048455078f020aa437f168a574
MRI/bids/SFB1451C05_10084P220329/tSFB1451C05_10084P220329_20220329153309_0020_dMRI_dir99_AP_FA.nii.gz	1858983	1fdf86366f764b3d7f6e02147e4da20b
MRI/bids/SFB1451C05_10084P220329/tSFB1451C05_10084P220329_20220329153309_0017_dMRI_dir99_AP.nii.gz	259233604	7cdcef0d6c8702a840317f1c65635f18
MRI/bids/SFB1451C05_10084P220329/tSFB1451C05_10084P220329_20220329153309_0017_dMRI_dir99_AP.bval	479	933931a9308131410bd9bfad1fc439bb
MRI/bids/SFB1451C05_10084P220329/tSFB1451C05_10084P220329_20220329153309_0006_dMRI_b=0_AP.nii.gz	2780619	de7ec5edfb697b8f88b04fc6e0e8f5a0
MRI/bids/SFB1451C05_10084P220329/tSFB1451C05_10084P220329_20220329153309_0001_localizera.nii.gz	137838	c34c69bf8aed59f16af80b978598d573
MRI/bids/SFB1451C05_10084P220329/tSFB1451C05_10084P220329_20220329153309_0009_dMRI_b=0_PA.nii.gz	2764311	b9592b11f70ab01c64cd38eb777f15b7
MRI/bids/SFB1451C05_10084P220329/tSFB1451C05_10084P220329_20220329153309_0023_dMRI_dir99_AP_TENSOR_B0.json	2526	9f2654d086ea5ecd9146e5a2906d83b4
MRI/bids/SFB1451C05_10084P220329/tSFB1451C05_10084P220329_20220329153309_0008_dMRI_b=0_PA.nii.gz	2761082	50472afd6679b9831ab161d800c51565
MRI/bids/SFB1451C05_10084P220329/tSFB1451C05_10084P220329_20220329153309_0017_dMRI_dir99_AP.json	2549	443c6e1fede646e260632546003d18f4
MRI/bids/SFB1451C05_10084P220329/tSFB1451C05_10084P220329_20220329153309_0012_dMRI_dir98_AP_TRACEW.bvec	24	69482f33d71f06a2042ec2dd6936c90a
MRI/bids/SFB1451C05_10084P220329/tSFB1451C05_10084P220329_20220329153309_0016_dMRI_dir98_AP_TENSOR_B0.nii.gz	2502313	87fbbd1b7bf9db6d77ebd695f4444bc2
MRI/bids/SFB1451C05_10084P220329/tSFB1451C05_10084P220329_20220329153309_0023_dMRI_dir99_AP_TENSOR_B0.nii.gz	2495408	adb0262f886f480b2839a7af0185a5fd
MRI/bids/SFB1451C05_10084P220329/tSFB1451C05_10084P220329_20220329153309_0007_dMRI_b=0_AP.bval	3	9da30406da40e96ba79a5c4f8ff1dd72
MRI/bids/SFB1451C05_10084P220329/tSFB1451C05_10084P220329_20220329153309_0007_dMRI_b=0_AP.bvec	9	9c38853c6fa5c4ab4061220ecdd17d68
MRI/bids/SFB1451C05_10084P220329/tSFB1451C05_10084P220329_20220329153309_0001_localizer.json	1429	0394c0374ec761fba57b69bf7d89f42a
MRI/bids/SFB1451C05_10084P220329/tSFB1451C05_10084P220329_20220329153309_0002_t1_mprage_0.9mm.nii.gz	11008057	23e94779a83168594584a4b9b5f40168
MRI/bids/SFB1451C05_10084P220329/tSFB1451C05_10084P220329_20220329153309_0019_dMRI_dir99_AP_TRACEW.json	2552	e8c1ff115f0c88c9bda33d0ecc059918
MRI/bids/SFB1451C05_10084P220329/tSFB1451C05_10084P220329_20220329153309_0012_dMRI_dir98_AP_TRACEW.bval	20	83214c4a33e6513b79cf3d690c36c16f
MRI/bids/SFB1451C05_10084P220329/tSFB1451C05_10084P220329_20220329153309_0007_dMRI_b=0_AP.json	2509	784f7e157a0bebbb4aae91be4c69b920
MRI/bids/SFB1451C05_10084P220329/tSFB1451C05_10084P220329_20220329153309_0010_dMRI_dir98_AP.json	2549	b81e92ea568e00c36df415b94a82d2d8
MRI/bids/SFB1451C05_10084P220329/tSFB1451C05_10084P220329_20220329153309_0008_dMRI_b=0_PA.json	2514	49273be53bebed31377eee89844565b7
MRI/bids/SFB1451C05_10084P220329/tSFB1451C05_10084P220329_20220329153309_0020_dMRI_dir99_AP_FA.json	2509	0701bd5a8c43106d4da3eee677bbbb60
MRI/bids/SFB1451C05_10084P220329/tSFB1451C05_10084P220329_20220329153309_0013_dMRI_dir98_AP_FA.nii.gz	1861152	8204ffc61d32a4623ff1372fc52d9d7e
MRI/bids/SFB1451C05_10084P220329/tSFB1451C05_10084P220329_20220329153309_0009_dMRI_b=0_PA.bvec	9	9c38853c6fa5c4ab4061220ecdd17d68
MRI/bids/SFB1451C05_10084P220329/tSFB1451C05_10084P220329_20220329153309_0019_dMRI_dir99_AP_TRACEW.bval	20	83214c4a33e6513b79cf3d690c36c16f
MRI/bids/SFB1451C05_10084P220329/tSFB1451C05_10084P220329_20220329153309_0016_dMRI_dir98_AP_TENSOR_B0.json	2526	467a35cd6516f94270a631aef95606bd
MRI/bids/SFB1451C05_10084P220329/tSFB1451C05_10084P220329_20220329153309_0017_dMRI_dir99_AP.bvec	2676	6bf4740a35ab6784c812c331f2d58810
MRI/bids/SFB1451C05_10084P220329/tSFB1451C05_10084P220329_20220329153309_0012_dMRI_dir98_AP_TRACEW.nii.gz	9168807	7488bc1ab2681c4b34dd49d64ea79f99
MRI/bids/SFB1451C05_10084P220329/tSFB1451C05_10084P220329_20220329153309_0010_dMRI_dir98_AP.bval	474	dd2eec4518b190e4abad81d3c0b19ccf
MRI/bids/SFB1451C05_10084P220329/tSFB1451C05_10084P220329_20220329153309_0019_dMRI_dir99_AP_TRACEW.bvec	24	69482f33d71f06a2042ec2dd6936c90a
MRI/bids/SFB1451C05_10084P220329/tSFB1451C05_10084P220329_20220329153309_0005_ep2d_diff_slice.nii.gz	344796	0c2fcc04e0426123be88a311dce44090
MRI/bids/SFB1451C05_10084P220329/tSFB1451C05_10084P220329_20220329153309_0001_localizera.json	1401	468a9a304c44a7981bc8d5da9ffa0132
MRI/bids/SFB1451C05_10084P220329/tSFB1451C05_10084P220329_20220329153309_0010_dMRI_dir98_AP.nii.gz	257024969	62b50c83eda566230378a79186167b41
MRI/bids/SFB1451C05_10084P220329/tSFB1451C05_10084P220329_20220329153309_0019_dMRI_dir99_AP_TRACEW.nii.gz	9137988	d4ea820f026f1191068034fc43182b2e
MRI/bids/SFB1451C05_10084P220329/tSFB1451C05_10084P220329_20220329153309_0009_dMRI_b=0_PA.json	2518	dd168257c56c594bdf8269eca41b6bcd
MRI/bids/SFB1451C05_10084P220329/tSFB1451C05_10084P220329_20220329153309_0008_dMRI_b=0_PA.bvec	9	9c38853c6fa5c4ab4061220ecdd17d68
MRI/bids/SFB1451C05_10084P220329/tSFB1451C05_10084P220329_20220329153309_0007_dMRI_b=0_AP.nii.gz	2773959	11a61c786c83b950f93170de0977a49b
MRI/bids/SFB1451C05_10084P220329/tSFB1451C05_10084P220329_20220329153309_0006_dMRI_b=0_AP.bvec	9	9c38853c6fa5c4ab4061220ecdd17d68
MRI/bids/SFB1451C05_10084P220329/tSFB1451C05_10084P220329_20220329153309_0002_t1_mprage_0.9mm.json	1429	d84440e2236056d2ab993324c6b9eaf2
MRI/bids/SFB1451C05_10084P220329/tSFB1451C05_10084P220329_20220329153309_0006_dMRI_b=0_AP.json	2504	f4f660d21b6210bee0a1f3d300c4f590
MRI/bids/SFB1451C05_10084P220329/tSFB1451C05_10084P220329_20220329153309_0006_dMRI_b=0_AP.bval	3	9da30406da40e96ba79a5c4f8ff1dd72
MRI/bids/SFB1451C05_10084P220329/tSFB1451C05_10084P220329_20220329153309_0001_localizer.nii.gz	567464	bf5ccd52cb48ea5e99f063719d3aa4c7
MRI/bids/SFB1451C05_10084P220329/tSFB1451C05_10084P220329_20220329153309_0012_dMRI_dir98_AP_TRACEW.json	2552	93cadd1ff99b16049095065609aaa92e
MRI/bids/SFB1451C05_10084P220329/tSFB1451C05_10084P220329_20220329153309_0008_dMRI_b=0_PA.bval	3	9da30406da40e96ba79a5c4f8ff1dd72
MRI/bids/SFB1451C05_10084P220329/tSFB1451C05_10084P220329_20220329153309_0011_dMRI_dir98_AP_ADC.nii.gz	2449890	9f1697498c2d43f1c6d76508f0932933
MRI/bids/SFB1451C05_10084P220329/tSFB1451C05_10084P220329_20220329153309_0005_ep2d_diff_slice.bval	3	9da30406da40e96ba79a5c4f8ff1dd72
MRI/bids/SFB1451C05_10084P220329/tSFB1451C05_10084P220329_20220329153309_0004_Axial_T2-FLAIR.json	1949	fc71dd3d70e6dfdb65cb12d18bb94643
MRI/bids/SFB1451C05_10084P220329/tSFB1451C05_10084P220329_20220329153309_0003_t2w_space_0.9mm.nii.gz	9054570	b6365c1e31b1e9706a275fd7312fc0e0
MRI/bids/SFB1451C05_10084P220329/tSFB1451C05_10084P220329_20220329153309_0011_dMRI_dir98_AP_ADC.json	2511	771337c291e89d038f238db7910a67bc
MRI/bids/SFB1451C05_10084P220329/tSFB1451C05_10084P220329_20220329153309_0005_ep2d_diff_slice.json	1969	78b8390423adaf220ff7bf6c74e6924c
MRI/bids/SFB1451C05_10084P220329/tSFB1451C05_10084P220329_20220329153309_0005_ep2d_diff_slice.bvec	9	9c38853c6fa5c4ab4061220ecdd17d68
MRI/bids/SFB1451C05_10084P220329/tSFB1451C05_10084P220329_20220329153309_0003_t2w_space_0.9mm.json	1518	396aafd78d7a3cd15d0cec7cc40fa74d
MRI/bids/SFB1451C05_10084P220329/tSFB1451C05_10084P220329_20220329153309_0018_dMRI_dir99_AP_ADC.json	2511	9a21a77cae5356b115f40ce0d3d73d87
MRI/bids/SFB1451C05_10084P220329/tSFB1451C05_10084P220329_20220329153309_0009_dMRI_b=0_PA.bval	3	9da30406da40e96ba79a5c4f8ff1dd72
MRI/bids/SFB1451C05_10084P220824/tSFB1451C05_10084P220824_20220824124706_0005_tfMRI_tapping_PA.nii.gz	9250329	eae83d2876a5f0c34e5f1c5cc7235c08
MRI/bids/SFB1451C05_10084P220824/tSFB1451C05_10084P220824_20220824124706_0010_ep2d_diff_dir98_AP.nii.gz	151223077	b425e52f74bb0f71ff89cf71b5f1184c
MRI/bids/SFB1451C05_10084P220824/tSFB1451C05_10084P220824_20220824124706_0013_ep2d_diff_dir99_AP.nii.gz	152642290	9c9d7d3fdc4b9efea0d385843c5df02e
MRI/bids/SFB1451C05_10084P220824/tSFB1451C05_10084P220824_20220824124706_0001_localizera.json	1428	85ec159f688dff86717193b18450a064
MRI/bids/SFB1451C05_10084P220824/tSFB1451C05_10084P220824_20220824124706_0001_localizer.nii.gz	137849	382a84f975abba087817dae84ecacf2c
MRI/bids/SFB1451C05_10084P220824/tSFB1451C05_10084P220824_20220824124706_0011_ep2d_diff_b=0_AP.json	2562	9737a09e4e537abcdbfbf48c6a9673dc
MRI/bids/SFB1451C05_10084P220824/tSFB1451C05_10084P220824_20220824124706_0008_Axial_T2-FLAIR.nii.gz	2086182	b3b5def437d0198872d5fde15e9367f5
MRI/bids/SFB1451C05_10084P220824/tSFB1451C05_10084P220824_20220824124706_0007_t2w_space_0.9mm.nii.gz	9403039	42a8fb76405c6f19a06ee04a7df17cd9
MRI/bids/SFB1451C05_10084P220824/tSFB1451C05_10084P220824_20220824124706_0009_ep2d_diff_slice.json	1970	00568947d91c76df41ca14b5722210b7
MRI/bids/SFB1451C05_10084P220824/tSFB1451C05_10084P220824_20220824124706_0005_tfMRI_tapping_PA.json	2393	997642e532b15e4d106fdd95d64fdb01
MRI/bids/SFB1451C05_10084P220824/tSFB1451C05_10084P220824_20220824124706_0013_ep2d_diff_dir99_AP.json	2571	b55f7da15c8ec5e76e6885e3176e500b
MRI/bids/SFB1451C05_10084P220824/tSFB1451C05_10084P220824_20220824124706_0002_rfMRI_resting_AP.nii.gz	682976844	962b63ad754a3eb8b664decb302ad628
MRI/bids/SFB1451C05_10084P220824/tSFB1451C05_10084P220824_20220824124706_0009_ep2d_diff_slice.nii.gz	337256	61ec3d4b4b7a95868ed5b9a5c66f57fe
MRI/bids/SFB1451C05_10084P220824/tSFB1451C05_10084P220824_20220824124706_0010_ep2d_diff_dir98_AP.bval	472	fe8a4805fab6ca79270ef3d9c87db7cd
MRI/bids/SFB1451C05_10084P220824/tSFB1451C05_10084P220824_20220824124706_0013_ep2d_diff_dir99_AP.bval	477	58c0bbc4c648b3a55a43db3ed4d0f75b
MRI/bids/SFB1451C05_10084P220824/tSFB1451C05_10084P220824_20220824124706_0010_ep2d_diff_dir98_AP.json	2567	f1c2f9efc886ed413012e68450a4bc4c
MRI/bids/SFB1451C05_10084P220824/tSFB1451C05_10084P220824_20220824124706_0003_rfMRI_resting_PA.nii.gz	9240187	082682fb91fb4cad13339b5541df2941
MRI/bids/SFB1451C05_10084P220824/tSFB1451C05_10084P220824_20220824124706_0008_Axial_T2-FLAIR.json	1949	b06ed40e4d1b3ce7096d8797c9b87f45
MRI/bids/SFB1451C05_10084P220824/tSFB1451C05_10084P220824_20220824124706_0001_localizer.json	1401	480e12a81c5fab860b1c0e0c58f67a21
MRI/bids/SFB1451C05_10084P220824/tSFB1451C05_10084P220824_20220824124706_0004_tfMRI_tapping_AP.json	2400	5e54a901b25a731ffb766b23f0700a6f
MRI/bids/SFB1451C05_10084P220824/tSFB1451C05_10084P220824_20220824124706_0006_t1_mprage_0.9mm.nii.gz	11241818	34a3f84e2c0885d8a5424877e43a0eb8
MRI/bids/SFB1451C05_10084P220824/tSFB1451C05_10084P220824_20220824124706_0011_ep2d_diff_b=0_AP.nii.gz	14663642	d9e2d8c457bdd7fdafb61238dcd46fa8
MRI/bids/SFB1451C05_10084P220824/tSFB1451C05_10084P220824_20220824124706_0003_rfMRI_resting_PA.json	2377	c20c05c5c273e9ae2e162221d3b13dc2
MRI/bids/SFB1451C05_10084P220824/tSFB1451C05_10084P220824_20220824124706_0012_ep2d_diff_b=0_PA.nii.gz	14653710	8df82d59800a6f1e64fc1e297fd79722
MRI/bids/SFB1451C05_10084P220824/tSFB1451C05_10084P220824_20220824124706_0009_ep2d_diff_slice.bval	3	9da30406da40e96ba79a5c4f8ff1dd72
MRI/bids/SFB1451C05_10084P220824/tSFB1451C05_10084P220824_20220824124706_0002_rfMRI_resting_AP.json	2376	ef53d8dd5fe2d7acc0bd7a72b8122de3
MRI/bids/SFB1451C05_10084P220824/tSFB1451C05_10084P220824_20220824124706_0009_ep2d_diff_slice.bvec	9	9c38853c6fa5c4ab4061220ecdd17d68
MRI/bids/SFB1451C05_10084P220824/tSFB1451C05_10084P220824_20220824124706_0013_ep2d_diff_dir99_AP.bvec	2682	550312ccc03e944083190c86c8fd7f7e
MRI/bids/SFB1451C05_10084P220824/tSFB1451C05_10084P220824_20220824124706_0006_t1_mprage_0.9mm.json	1429	282c8c607257f4526418eca7495651c2
MRI/bids/SFB1451C05_10084P220824/tSFB1451C05_10084P220824_20220824124706_0001_localizera.nii.gz	566074	743e617b5910e573af9a16c339cebed3
MRI/bids/SFB1451C05_10084P220824/tSFB1451C05_10084P220824_20220824124706_0004_tfMRI_tapping_AP.nii.gz	386218255	d0f9fa2643c0637959d876f3d9320c68
MRI/bids/SFB1451C05_10084P220824/tSFB1451C05_10084P220824_20220824124706_0007_t2w_space_0.9mm.json	1519	8aa12312328c06c466990240618e849c
MRI/bids/SFB1451C05_10084P220824/tSFB1451C05_10084P220824_20220824124706_0010_ep2d_diff_dir98_AP.bvec	2659	d9248d258fdeca7ff90a1b0236f0edfb
MRI/bids/SFB1451C05_10084P220824/tSFB1451C05_10084P220824_20220824124706_0012_ep2d_diff_b=0_PA.json	2560	3e75e9d455bd8ebd9af214d26019e7c2
MRI/bids/SFB1451C05_10136P220516/tSFB1451C05_10136P220516_20220516131051_0010_ep2d_diff_slice.nii.gz	345396	5cc5ee5d8a18416884dc7f2dc2ea6d8d
MRI/bids/SFB1451C05_10136P220516/tSFB1451C05_10136P220516_20220516131051_0010_ep2d_diff_slice.bval	3	9da30406da40e96ba79a5c4f8ff1dd72
MRI/bids/SFB1451C05_10136P220516/tSFB1451C05_10136P220516_20220516131051_0014_ep2d_diff_dir99_AP.bval	477	58c0bbc4c648b3a55a43db3ed4d0f75b
MRI/bids/SFB1451C05_10136P220516/tSFB1451C05_10136P220516_20220516131051_0001_localizera.json	1403	b68eba8d8d7ef3df1a3549a7ac207de0
MRI/bids/SFB1451C05_10136P220516/tSFB1451C05_10136P220516_20220516131051_0001_localizera.nii.gz	137093	56dc563a83afa41a63477c0e44bbb655
MRI/bids/SFB1451C05_10136P220516/tSFB1451C05_10136P220516_20220516131051_0014_ep2d_diff_dir99_AP.bvec	2682	550312ccc03e944083190c86c8fd7f7e
MRI/bids/SFB1451C05_10136P220516/tSFB1451C05_10136P220516_20220516131051_0002_rfMRI_resting_AP.json	2373	d2a6911e915dda115e1aa7ff8c05236d
MRI/bids/SFB1451C05_10136P220516/tSFB1451C05_10136P220516_20220516131051_0002_rfMRI_resting_AP.nii.gz	711463555	f8f74be4085fa310411020bdf7e300f2
MRI/bids/SFB1451C05_10136P220516/tSFB1451C05_10136P220516_20220516131051_0011_ep2d_diff_dir98_AP.bvec	2659	d9248d258fdeca7ff90a1b0236f0edfb
MRI/bids/SFB1451C05_10136P220516/tSFB1451C05_10136P220516_20220516131051_0008_t2w_space_0.9mm.json	1552	f92bdfc0068b2946d60d26eb13eeb9d6
MRI/bids/SFB1451C05_10136P220516/tSFB1451C05_10136P220516_20220516131051_0007_t1_mprage_0.9mm.nii.gz	11717027	365b447cc7afd3a177b9ea43154b2b9f
MRI/bids/SFB1451C05_10136P220516/tSFB1451C05_10136P220516_20220516131051_0004_tfMRI_tapping_AP.nii.gz	46232312	ddd5ab4b7aa604fcaa6467c9a5a54ea9
MRI/bids/SFB1451C05_10136P220516/tSFB1451C05_10136P220516_20220516131051_0010_ep2d_diff_slice.json	1976	de20a138773d24ab035efdba909a29a7
MRI/bids/SFB1451C05_10136P220516/tSFB1451C05_10136P220516_20220516131051_0007_t1_mprage_0.9mm.json	1464	db65212bef6936e4fca5f3b851c4fc49
MRI/bids/SFB1451C05_10136P220516/tSFB1451C05_10136P220516_20220516131051_0013_ep2d_diff_b=0_PA.nii.gz	15035092	d4fcbbe5a1eca421b137d911c3a56aa9
MRI/bids/SFB1451C05_10136P220516/tSFB1451C05_10136P220516_20220516131051_0008_t2w_space_0.9mm.nii.gz	9596842	8ff35e37b29b2f4ca58b7a8af094773b
MRI/bids/SFB1451C05_10136P220516/tSFB1451C05_10136P220516_20220516131051_0010_ep2d_diff_slice.bvec	9	9c38853c6fa5c4ab4061220ecdd17d68
MRI/bids/SFB1451C05_10136P220516/tSFB1451C05_10136P220516_20220516131051_0003_rfMRI_resting_PA.json	2374	fe503f68d6904f42a8bc56b311001422
MRI/bids/SFB1451C05_10136P220516/tSFB1451C05_10136P220516_20220516131051_0001_localizer.json	1430	d90403e293cd05f32fc76741aacb0b2c
MRI/bids/SFB1451C05_10136P220516/tSFB1451C05_10136P220516_20220516131051_0011_ep2d_diff_dir98_AP.bval	472	fe8a4805fab6ca79270ef3d9c87db7cd
MRI/bids/SFB1451C05_10136P220516/tSFB1451C05_10136P220516_20220516131051_0004_tfMRI_tapping_AP.json	2396	982a5cd79a1b722e1f44a1cfaa1381f3
MRI/bids/SFB1451C05_10136P220516/tSFB1451C05_10136P220516_20220516131051_0014_ep2d_diff_dir99_AP.nii.gz	154428227	651050fbe683afab1c1ca73985f74a91
MRI/bids/SFB1451C05_10136P220516/tSFB1451C05_10136P220516_20220516131051_0013_ep2d_diff_b=0_PA.json	2568	2d1a18e4115fccc20db6fee1709fd196
MRI/bids/SFB1451C05_10136P220516/tSFB1451C05_10136P220516_20220516131051_0001_localizer.nii.gz	589006	0f0311e7e9df1ab05a8ab3f699520fca
MRI/bids/SFB1451C05_10136P220516/tSFB1451C05_10136P220516_20220516131051_0004_tfMRI_tapping_APa.nii.gz	110041	5e08db06936b43f22c4b706176297d65
MRI/bids/SFB1451C05_10136P220516/tSFB1451C05_10136P220516_20220516131051_0009_Axial_T2-FLAIR.nii.gz	2239285	d7e1d7fa24b734db6a53505478e3e2e9
MRI/bids/SFB1451C05_10136P220516/tSFB1451C05_10136P220516_20220516131051_0012_ep2d_diff_b=0_AP.nii.gz	15046825	135f24e948b11a3ccc899e12c17ceae0
MRI/bids/SFB1451C05_10136P220516/tSFB1451C05_10136P220516_20220516131051_0006_tfMRI_tapping_PA.nii.gz	9526624	856bd22f7db30b641d4060bf1ed8a04f
MRI/bids/SFB1451C05_10136P220516/tSFB1451C05_10136P220516_20220516131051_0011_ep2d_diff_dir98_AP.json	2574	2ef88c6c2e81519e2f09585d9ccb4a5c
MRI/bids/SFB1451C05_10136P220516/tSFB1451C05_10136P220516_20220516131051_0005_tfMRI_tapping_AP.json	2372	d9564e7dc6556ee5c11f2e69784c696d
MRI/bids/SFB1451C05_10136P220516/tSFB1451C05_10136P220516_20220516131051_0005_tfMRI_tapping_AP.nii.gz	402523185	7b85da9b64e00981182c7127fca1d883
MRI/bids/SFB1451C05_10136P220516/tSFB1451C05_10136P220516_20220516131051_0011_ep2d_diff_dir98_AP.nii.gz	153168626	271ad93865e0f8d81c20cd892a92c694
MRI/bids/SFB1451C05_10136P220516/tSFB1451C05_10136P220516_20220516131051_0014_ep2d_diff_dir99_AP.json	2567	d51fb09998534f8dbf912e4e304ec2f7
MRI/bids/SFB1451C05_10136P220516/tSFB1451C05_10136P220516_20220516131051_0004_tfMRI_tapping_APa.json	1695	a0d40c2aa37ddc2e36537e51c423bfc4
MRI/bids/SFB1451C05_10136P220516/tSFB1451C05_10136P220516_20220516131051_0012_ep2d_diff_b=0_AP.json	2559	fcd07665cbb9e09ce66550c86cecaf2d
MRI/bids/SFB1451C05_10136P220516/tSFB1451C05_10136P220516_20220516131051_0003_rfMRI_resting_PA.nii.gz	9496478	094b165660bfd61ae08de0557de8ab8e
MRI/bids/SFB1451C05_10136P220516/tSFB1451C05_10136P220516_20220516131051_0009_Axial_T2-FLAIR.json	1941	542d8503d6472b256325e21182245f10
MRI/bids/SFB1451C05_10136P220516/tSFB1451C05_10136P220516_20220516131051_0006_tfMRI_tapping_PA.json	2374	f55ed7cc15b1caa8aeb64ef14e9f1ddb
MRI/bids/SFB1451C05_9775P210615/tSFB1451C05_9775P210615_20210615095551_0004_AAHead_Scout_64ch-head-coil_MPR_cor_i00003.json	1944	409a9d63a0c6329ae26270dbb9b8809b
MRI/bids/SFB1451C05_9775P210615/tSFB1451C05_9775P210615_20210615095551_0025_dMRI_dir99_AP.nii.gz	253310295	d23092705ce83a0c202c8097f80dc573
MRI/bids/SFB1451C05_9775P210615/tSFB1451C05_9775P210615_20210615095551_0021_dMRI_b=0_PA.bval	18	50e540b9133a028f0dd4886b6eab3fb5
MRI/bids/SFB1451C05_9775P210615/tSFB1451C05_9775P210615_20210615095551_0023_dMRI_dir98_AP.bval	474	5933bb9e58d2a9f6d2a3961d492e0f86
MRI/bids/SFB1451C05_9775P210615/tSFB1451C05_9775P210615_20210615095551_0006_Localizer_aligned_i00009.nii.gz	45917	6ce296e6e896c9f2c8f8157b098d1c90
MRI/bids/SFB1451C05_9775P210615/tSFB1451C05_9775P210615_20210615095551_0014_T2w_SPC.nii.gz	24942686	81334a292e523cdd8bdcaff3c9f3b753
MRI/bids/SFB1451C05_9775P210615/tSFB1451C05_9775P210615_20210615095551_0019_dMRI_b=0_AP.nii.gz	24323808	71cfad07a56e9f7becf8eb4b18d224a6
MRI/bids/SFB1451C05_9775P210615/tSFB1451C05_9775P210615_20210615095551_0017_Localizer_i00003.nii.gz	45440	ceefd863aea41ca8914deafc3c884ea9
MRI/bids/SFB1451C05_9775P210615/tSFB1451C05_9775P210615_20210615095551_0025_dMRI_dir99_AP.json	3254	1063730c9f1405bdd0fa34083008767b
MRI/bids/SFB1451C05_9775P210615/tSFB1451C05_9775P210615_20210615095551_0016_ep2d_diff_slice.nii.gz	361201	225e2dbbf4e9a7010eccff2b3378f15c
MRI/bids/SFB1451C05_9775P210615/tSFB1451C05_9775P210615_20210615095551_0017_Localizer_i00002.nii.gz	51401	69a51c0824fc87b7398ec1b4463dcc1b
MRI/bids/SFB1451C05_9775P210615/tSFB1451C05_9775P210615_20210615095551_0020_dMRI_b=0_PA_SBRef.nii.gz	2965593	5475ef14cbfb62f34c0f4b40065f72e6
MRI/bids/SFB1451C05_9775P210615/tSFB1451C05_9775P210615_20210615095551_0001_Localizer_i00001.nii.gz	59074	553873a10a6f3352daa476fdcc921d18
MRI/bids/SFB1451C05_9775P210615/tSFB1451C05_9775P210615_20210615095551_0010_rfMRI_resting_PA_SBRef.nii.gz	1266207	1b8100bf90a99ab22bc6a01a58c533bd
MRI/bids/SFB1451C05_9775P210615/tSFB1451C05_9775P210615_20210615095551_0023_dMRI_dir98_AP.json	3254	6bf2f803c2b7263f61f8792c8bf1f9d7
MRI/bids/SFB1451C05_9775P210615/tSFB1451C05_9775P210615_20210615095551_0014_T2w_SPC.json	2018	e5fff03eb8f5d72ce436287076aca1db
MRI/bids/SFB1451C05_9775P210615/tSFB1451C05_9775P210615_20210615095551_0024_dMRI_dir99_AP_SBRef.nii.gz	2993606	859c0a60543024da4affd5abd701bc17
MRI/bids/SFB1451C05_9775P210615/tSFB1451C05_9775P210615_20210615095551_0006_Localizer_aligned_i00009.json	1911	a1bd53cbac1e7b09862a37cb35d97712
MRI/bids/SFB1451C05_9775P210615/tSFB1451C05_9775P210615_20210615095551_0003_AAHead_Scout_64ch-head-coil_MPR_sag_i00001.json	1939	3e17b6283f653aa3f3ffe024a46bb505
MRI/bids/SFB1451C05_9775P210615/tSFB1451C05_9775P210615_20210615095551_0001_Localizer_i00003.json	1824	668f92fe80676944a9629a796de73288
MRI/bids/SFB1451C05_9775P210615/tSFB1451C05_9775P210615_20210615095551_0004_AAHead_Scout_64ch-head-coil_MPR_cor_i00001.nii.gz	19470	cabbfad6d94f730f2c9f02c777dbb084
MRI/bids/SFB1451C05_9775P210615/tSFB1451C05_9775P210615_20210615095551_0002_AAHead_Scout_64ch-head-coil.nii.gz	2483105	b43dede884c4abfe0379fb5bd7784ffc
MRI/bids/SFB1451C05_9775P210615/tSFB1451C05_9775P210615_20210615095551_0025_dMRI_dir99_AP.bvec	2834	f23ec685bee44a1a0f9603b514be7eb2
MRI/bids/SFB1451C05_9775P210615/tSFB1451C05_9775P210615_20210615095551_0021_dMRI_b=0_PA.bvec	253	b13bc94ac693e05056aaa1cfaba74626
MRI/bids/SFB1451C05_9775P210615/tSFB1451C05_9775P210615_20210615095551_0005_AAHead_Scout_64ch-head-coil_MPR_tra_i00002.json	1945	574dfd79b7eea297dedac8b1c3ef17cc
MRI/bids/SFB1451C05_9775P210615/tSFB1451C05_9775P210615_20210615095551_0003_AAHead_Scout_64ch-head-coil_MPR_sag_i00002.json	1937	e89c49dbcb9135f89a393784e45f579f
MRI/bids/SFB1451C05_9775P210615/tSFB1451C05_9775P210615_20210615095551_0006_Localizer_aligned_i00008.nii.gz	52298	08d4e9aed66ec095a361bbd1aec25dc6
MRI/bids/SFB1451C05_9775P210615/tSFB1451C05_9775P210615_20210615095551_0012_T1w_MPR.json	1966	f54478f8436afb847f217e79d0be02ac
MRI/bids/SFB1451C05_9775P210615/tSFB1451C05_9775P210615_20210615095551_0019_dMRI_b=0_AP.json	3249	f6e2a05503b892d1f706729f4347f959
MRI/bids/SFB1451C05_9775P210615/tSFB1451C05_9775P210615_20210615095551_0013_T2w_SPC.json	1997	be72c12e793dabfb2bbd9eefb8c9878a
MRI/bids/SFB1451C05_9775P210615/tSFB1451C05_9775P210615_20210615095551_0023_dMRI_dir98_AP.bvec	2814	c7bbe755959f7434038829a78331d251
MRI/bids/SFB1451C05_9775P210615/tSFB1451C05_9775P210615_20210615095551_0025_dMRI_dir99_AP.bval	479	ccb6a45e5ee038c04e6a0f94c0741363
MRI/bids/SFB1451C05_9775P210615/tSFB1451C05_9775P210615_20210615095551_0011_rfMRI_resting_PA.nii.gz	11812810	9883c51c12681db33b2e351323fd9937
MRI/bids/SFB1451C05_9775P210615/tSFB1451C05_9775P210615_20210615095551_0003_AAHead_Scout_64ch-head-coil_MPR_sag_i00004.nii.gz	23841	bf4936a284d8622acffec7eb41a74a75
MRI/bids/SFB1451C05_9775P210615/tSFB1451C05_9775P210615_20210615095551_0008_rfMRI_resting_AP.json	3023	07b833f8c2cbf68cf7683fda50d3b49f
MRI/bids/SFB1451C05_9775P210615/tSFB1451C05_9775P210615_20210615095551_0005_AAHead_Scout_64ch-head-coil_MPR_tra_i00003.json	1943	400a00300d1185879436c114c3291779
MRI/bids/SFB1451C05_9775P210615/tSFB1451C05_9775P210615_20210615095551_0017_Localizer_i00002.json	1825	387bb45747575d8ea9eabf1677754e1a
MRI/bids/SFB1451C05_9775P210615/tSFB1451C05_9775P210615_20210615095551_0017_Localizer_i00001.json	1825	27916ed2071731960a50491c8618e342
MRI/bids/SFB1451C05_9775P210615/tSFB1451C05_9775P210615_20210615095551_0002_AAHead_Scout_64ch-head-coil.json	1891	1f8ef33306eaabc0f626ce3d1cb42ac6
MRI/bids/SFB1451C05_9775P210615/tSFB1451C05_9775P210615_20210615095551_0010_rfMRI_resting_PA_SBRef.json	2999	4869415b57e0b269fd8ca20528a972e3
MRI/bids/SFB1451C05_9775P210615/tSFB1451C05_9775P210615_20210615095551_0019_dMRI_b=0_AP.bval	18	50e540b9133a028f0dd4886b6eab3fb5
MRI/bids/SFB1451C05_9775P210615/tSFB1451C05_9775P210615_20210615095551_0016_ep2d_diff_slice.json	2570	d38ef232a6c855b6103ece0b4503b94c
MRI/bids/SFB1451C05_9775P210615/tSFB1451C05_9775P210615_20210615095551_0018_dMRI_b=0_AP_SBRef.nii.gz	2995625	a78628f979ff4c3d696a7444b7cff945
MRI/bids/SFB1451C05_9775P210615/tSFB1451C05_9775P210615_20210615095551_0003_AAHead_Scout_64ch-head-coil_MPR_sag_i00004.json	1941	18ca277789c48d56972d9689a651bcc0
MRI/bids/SFB1451C05_9775P210615/tSFB1451C05_9775P210615_20210615095551_0001_Localizer_i00003.nii.gz	45299	7982511afb2a807ac1a9b8f6aad2aab4
MRI/bids/SFB1451C05_9775P210615/tSFB1451C05_9775P210615_20210615095551_0005_AAHead_Scout_64ch-head-coil_MPR_tra_i00002.nii.gz	18479	afdd18a7c0c8c54e7dbe5b2cc919b9cb
MRI/bids/SFB1451C05_9775P210615/tSFB1451C05_9775P210615_20210615095551_0003_AAHead_Scout_64ch-head-coil_MPR_sag_i00001.nii.gz	41222	c0c49b543f857fde76373d2f322afbf8
MRI/bids/SFB1451C05_9775P210615/tSFB1451C05_9775P210615_20210615095551_0022_dMRI_dir98_AP_SBRef.json	3205	97ca49deb43b088942513c6458cd2829
MRI/bids/SFB1451C05_9775P210615/tSFB1451C05_9775P210615_20210615095551_0022_dMRI_dir98_AP_SBRef.nii.gz	2997681	fdd4517cc1a372027ae790604e41fcd0
MRI/bids/SFB1451C05_9775P210615/tSFB1451C05_9775P210615_20210615095551_0015_Axial_T2-FLAIR.json	2459	04c3680f4a35b45a30cf9ba72b10c2fb
MRI/bids/SFB1451C05_9775P210615/tSFB1451C05_9775P210615_20210615095551_0021_dMRI_b=0_PA.json	3255	27b2e119210a10b423d4c5731d6ce083
MRI/bids/SFB1451C05_9775P210615/tSFB1451C05_9775P210615_20210615095551_0005_AAHead_Scout_64ch-head-coil_MPR_tra_i00003.nii.gz	18790	39cf0e7e72672765b94315014c7ee479
MRI/bids/SFB1451C05_9775P210615/tSFB1451C05_9775P210615_20210615095551_0020_dMRI_b=0_PA_SBRef.json	3201	50fa5fe3f5c442c1ea6bc5de3e70ddfc
MRI/bids/SFB1451C05_9775P210615/tSFB1451C05_9775P210615_20210615095551_0004_AAHead_Scout_64ch-head-coil_MPR_cor_i00003.nii.gz	20580	91e81c48dc63bfd15b78500b835045e6
MRI/bids/SFB1451C05_9775P210615/tSFB1451C05_9775P210615_20210615095551_0003_AAHead_Scout_64ch-head-coil_MPR_sag_i00003.nii.gz	23842	2952deb1ceb964963da5f143dd9eb473
MRI/bids/SFB1451C05_9775P210615/tSFB1451C05_9775P210615_20210615095551_0021_dMRI_b=0_PA.nii.gz	24208493	4bba98568004ba577afae389e1a57b59
MRI/bids/SFB1451C05_9775P210615/tSFB1451C05_9775P210615_20210615095551_0016_ep2d_diff_slice.bvec	32	f7c67754c130f36f605b095a9589203a
MRI/bids/SFB1451C05_9775P210615/tSFB1451C05_9775P210615_20210615095551_0006_Localizer_aligned_i00008.json	1910	a3046bb45cc5db66ea9aafccb160d3b9
MRI/bids/SFB1451C05_9775P210615/tSFB1451C05_9775P210615_20210615095551_0007_rfMRI_resting_AP_SBRef.json	3006	74ce87a0ee32064b2972dc7268e71b5a
MRI/bids/SFB1451C05_9775P210615/tSFB1451C05_9775P210615_20210615095551_0005_AAHead_Scout_64ch-head-coil_MPR_tra_i00001.json	1940	b7c40eabfb7ed1aa8ff86d9e87f29530
MRI/bids/SFB1451C05_9775P210615/tSFB1451C05_9775P210615_20210615095551_0006_Localizer_aligned_i00001.json	1997	c75b3449678c9e5444169eada9faed43
MRI/bids/SFB1451C05_9775P210615/tSFB1451C05_9775P210615_20210615095551_0004_AAHead_Scout_64ch-head-coil_MPR_cor_i00001.json	1944	43e6ea6b2c98956f4f729840bcafc023
MRI/bids/SFB1451C05_9775P210615/tSFB1451C05_9775P210615_20210615095551_0001_Localizer_i00002.json	1825	ff230d8a698c9ba3e96d45f110cf2ac4
MRI/bids/SFB1451C05_9775P210615/tSFB1451C05_9775P210615_20210615095551_0001_Localizer_i00002.nii.gz	53209	26608328b1d4ceb40a4e31b5d2d98ba5
MRI/bids/SFB1451C05_9775P210615/tSFB1451C05_9775P210615_20210615095551_0016_ep2d_diff_slice.bval	5	ad865d2f63b9feb2552c220385fbb7e3
MRI/bids/SFB1451C05_9775P210615/tSFB1451C05_9775P210615_20210615095551_0024_dMRI_dir99_AP_SBRef.json	3201	c0d60f3fa1c5d7ef8c881b051a0be991
MRI/bids/SFB1451C05_9775P210615/tSFB1451C05_9775P210615_20210615095551_0011_rfMRI_resting_PA.json	2996	b9dc0d133c62ba6825a0286564b24eb0
MRI/bids/SFB1451C05_9775P210615/tSFB1451C05_9775P210615_20210615095551_0007_rfMRI_resting_AP_SBRef.nii.gz	1285456	8d499ea774e6c87bb32f36a34204425b
MRI/bids/SFB1451C05_9775P210615/tSFB1451C05_9775P210615_20210615095551_0003_AAHead_Scout_64ch-head-coil_MPR_sag_i00003.json	1988	6b460b36fb6a8e37d20145cdc5e4b3ee
MRI/bids/SFB1451C05_9775P210615/tSFB1451C05_9775P210615_20210615095551_0015_Axial_T2-FLAIR.nii.gz	2319131	dbed5e3b4cc2bfc956eba60d2e33839e
MRI/bids/SFB1451C05_9775P210615/tSFB1451C05_9775P210615_20210615095551_0004_AAHead_Scout_64ch-head-coil_MPR_cor_i00002.json	1945	b0bf2018df31ddd1232dbe9efee5785a
MRI/bids/SFB1451C05_9775P210615/tSFB1451C05_9775P210615_20210615095551_0005_AAHead_Scout_64ch-head-coil_MPR_tra_i00001.nii.gz	19269	0d2884d6905e4d51d48a655f039ebf37
MRI/bids/SFB1451C05_9775P210615/tSFB1451C05_9775P210615_20210615095551_0008_rfMRI_resting_AP.nii.gz	889264807	aa2524d4f1d9ad7612fd71907741c347
MRI/bids/SFB1451C05_9775P210615/tSFB1451C05_9775P210615_20210615095551_0013_T2w_SPC.nii.gz	25907613	088a844d6774ea4302fda6cecb141b7a
MRI/bids/SFB1451C05_9775P210615/tSFB1451C05_9775P210615_20210615095551_0017_Localizer_i00001.nii.gz	57439	e1ea674704a4cd6efeaa126e1b4810a5
MRI/bids/SFB1451C05_9775P210615/tSFB1451C05_9775P210615_20210615095551_0019_dMRI_b=0_AP.bvec	253	b13bc94ac693e05056aaa1cfaba74626
MRI/bids/SFB1451C05_9775P210615/tSFB1451C05_9775P210615_20210615095551_0018_dMRI_b=0_AP_SBRef.json	3197	32b8ca920ba6a9c8a9d21c0ec628207b
MRI/bids/SFB1451C05_9775P210615/tSFB1451C05_9775P210615_20210615095551_0023_dMRI_dir98_AP.nii.gz	251119564	2422d5377784d24a076e52f33b3701e6
MRI/bids/SFB1451C05_9775P210615/tSFB1451C05_9775P210615_20210615095551_0003_AAHead_Scout_64ch-head-coil_MPR_sag_i00002.nii.gz	23655	ee441bf54d2d51139b592b8d164f87c8
MRI/bids/SFB1451C05_9775P210615/tSFB1451C05_9775P210615_20210615095551_0004_AAHead_Scout_64ch-head-coil_MPR_cor_i00002.nii.gz	20686	d3e119c7ede93850f6a38b1ae0d48342
MRI/bids/SFB1451C05_9775P210615/tSFB1451C05_9775P210615_20210615095551_0001_Localizer_i00001.json	1825	dec09c386eab995d0989df93340a5a60
MRI/bids/SFB1451C05_9775P210615/tSFB1451C05_9775P210615_20210615095551_0006_Localizer_aligned_i00001.nii.gz	391391	b2c3552b2422f5654f4719e4fd288d0b
MRI/bids/SFB1451C05_9775P210615/tSFB1451C05_9775P210615_20210615095551_0017_Localizer_i00003.json	1824	bf4f3ceea40c557f483bf5e07669081c
MRI/bids/SFB1451C05_9775P210615/tSFB1451C05_9775P210615_20210615095551_0012_T1w_MPR.nii.gz	13913775	56606160f590fde848fd527bd35e8617
MRI/bids/SFB1451C05_3245C221219/tSFB1451C05_3245C221219_20221219105615_0006_tfMRI_tapping_PA.nii.gz	9910300	2120848007e29ec4ed40744c11fe57b8
MRI/bids/SFB1451C05_3245C221219/tSFB1451C05_3245C221219_20221219105615_0001_localizera.json	1428	e16c1dd5913ee76d311bb79b1f49d7a9
MRI/bids/SFB1451C05_3245C221219/tSFB1451C05_3245C221219_20221219105615_0003_rfMRI_resting_PA.json	2376	4b795a4cd123b6fb7b9468115da73ffe
MRI/bids/SFB1451C05_3245C221219/tSFB1451C05_3245C221219_20221219105615_0012_ep2d_diff_dir98_AP.nii.gz	162224022	93775f701f058fd772eff768d50cf628
MRI/bids/SFB1451C05_3245C221219/tSFB1451C05_3245C221219_20221219105615_0012_ep2d_diff_dir98_AP.bvec	2659	d9248d258fdeca7ff90a1b0236f0edfb
MRI/bids/SFB1451C05_3245C221219/tSFB1451C05_3245C221219_20221219105615_0011_ep2d_diff_slice.json	1975	c04aab8a4c59cb74cf436f2bd2d4c1c7
MRI/bids/SFB1451C05_3245C221219/tSFB1451C05_3245C221219_20221219105615_0015_ep2d_diff_dir99_AP.nii.gz	163924734	659fa4861c2e0f2891dd322e6359def7
MRI/bids/SFB1451C05_3245C221219/tSFB1451C05_3245C221219_20221219105615_0012_ep2d_diff_dir98_AP.json	2571	d76354ef57b3873b44d39a84d78e6c11
MRI/bids/SFB1451C05_3245C221219/tSFB1451C05_3245C221219_20221219105615_0011_ep2d_diff_slice.bval	3	9da30406da40e96ba79a5c4f8ff1dd72
MRI/bids/SFB1451C05_3245C221219/tSFB1451C05_3245C221219_20221219105615_0001_localizera.nii.gz	563469	828a18856abbf9c87a330335082cc86b
MRI/bids/SFB1451C05_3245C221219/tSFB1451C05_3245C221219_20221219105615_0012_ep2d_diff_dir98_AP.bval	472	fe8a4805fab6ca79270ef3d9c87db7cd
MRI/bids/SFB1451C05_3245C221219/tSFB1451C05_3245C221219_20221219105615_0015_ep2d_diff_dir99_AP.bval	477	58c0bbc4c648b3a55a43db3ed4d0f75b
MRI/bids/SFB1451C05_3245C221219/tSFB1451C05_3245C221219_20221219105615_0011_ep2d_diff_slice.nii.gz	370124	25ec942fe5c1df9f9f0792fe6954450f
MRI/bids/SFB1451C05_3245C221219/tSFB1451C05_3245C221219_20221219105615_0004_tfMRI_tapping_AP.nii.gz	413562733	fb448f4cd8ec026b2be4e69bc805ef12
MRI/bids/SFB1451C05_3245C221219/tSFB1451C05_3245C221219_20221219105615_0015_ep2d_diff_dir99_AP.json	2570	c1d578b4f62189c14db88a856d59010f
MRI/bids/SFB1451C05_3245C221219/tSFB1451C05_3245C221219_20221219105615_0013_ep2d_diff_b=0_AP.nii.gz	16035308	12124ad3e09239efb5607be58b209bfe
MRI/bids/SFB1451C05_3245C221219/tSFB1451C05_3245C221219_20221219105615_0008_t1_mprage_0.9mm.json	1461	c853788b93d831af5d59fb0e8aa070d0
MRI/bids/SFB1451C05_3245C221219/tSFB1451C05_3245C221219_20221219105615_0009_t2w_space_0.9mm.nii.gz	9475554	173f22767c88e2314c4d5f1c1f26aa39
MRI/bids/SFB1451C05_3245C221219/tSFB1451C05_3245C221219_20221219105615_0014_ep2d_diff_b=0_PA.nii.gz	15962112	4a6031234d7b31f671784673b3ff9ae9
MRI/bids/SFB1451C05_3245C221219/tSFB1451C05_3245C221219_20221219105615_0002_rfMRI_resting_AP.nii.gz	731123086	da74873be331b5cbf79db0f742a2d9bb
MRI/bids/SFB1451C05_3245C221219/tSFB1451C05_3245C221219_20221219105615_0006_tfMRI_tapping_PA.json	2376	3afcbab0f109e9255f2351c39cedc745
MRI/bids/SFB1451C05_3245C221219/tSFB1451C05_3245C221219_20221219105615_0013_ep2d_diff_b=0_AP.json	2559	d84ee973c8abf1f7bd052129c4f07faf
MRI/bids/SFB1451C05_3245C221219/tSFB1451C05_3245C221219_20221219105615_0010_Axial_T2-FLAIR.nii.gz	2187048	0c2a879ae57348ccad2260a749445d3d
MRI/bids/SFB1451C05_3245C221219/tSFB1451C05_3245C221219_20221219105615_0010_Axial_T2-FLAIR.json	1951	e5632393b1546c65d33776301f21b3db
MRI/bids/SFB1451C05_3245C221219/tSFB1451C05_3245C221219_20221219105615_0004_tfMRI_tapping_AP.json	2372	b5dcebd557c610df30eba3a91ad6d2ef
MRI/bids/SFB1451C05_3245C221219/tSFB1451C05_3245C221219_20221219105615_0002_rfMRI_resting_AP.json	2396	6b3d4580a823906110318f06a99d0219
MRI/bids/SFB1451C05_3245C221219/tSFB1451C05_3245C221219_20221219105615_0014_ep2d_diff_b=0_PA.json	2560	0c81154b19a6a85180bf437f374a9cc8
MRI/bids/SFB1451C05_3245C221219/tSFB1451C05_3245C221219_20221219105615_0009_t2w_space_0.9mm.json	1550	e20816b6723d93cd8cc5f06e70af6509
MRI/bids/SFB1451C05_3245C221219/tSFB1451C05_3245C221219_20221219105615_0001_localizer.nii.gz	138748	1413858d0173235839ef3da4074834e5
MRI/bids/SFB1451C05_3245C221219/tSFB1451C05_3245C221219_20221219105615_0011_ep2d_diff_slice.bvec	9	9c38853c6fa5c4ab4061220ecdd17d68
MRI/bids/SFB1451C05_3245C221219/tSFB1451C05_3245C221219_20221219105615_0003_rfMRI_resting_PA.nii.gz	9871421	6be881c174a26a05ed6c5dd3ad61c576
MRI/bids/SFB1451C05_3245C221219/tSFB1451C05_3245C221219_20221219105615_0001_localizer.json	1401	04248f843d4b10b009aeb20ca2311ffd
MRI/bids/SFB1451C05_3245C221219/tSFB1451C05_3245C221219_20221219105615_0015_ep2d_diff_dir99_AP.bvec	2682	550312ccc03e944083190c86c8fd7f7e
MRI/bids/SFB1451C05_3245C221219/tSFB1451C05_3245C221219_20221219105615_0008_t1_mprage_0.9mm.nii.gz	11291059	5cc494051bbfdbc6b304c8dc2d35b88f
MRI/bids/SFB1451C05_9817P210721/tSFB1451C05_9817P210721_20210721113339_0021_dMRI_b=0_PA.json	3187	8dad2f91360b026c0b40636dc9e6d91c
MRI/bids/SFB1451C05_9817P210721/tSFB1451C05_9817P210721_20210721113339_0004_AAHead_Scout_64ch-head-coil_MPR_cor_i00003.json	1940	8482794c091da846affec77e5611c864
MRI/bids/SFB1451C05_9817P210721/tSFB1451C05_9817P210721_20210721113339_0007_rfMRI_resting_AP_SBRef.nii.gz	1295652	00d14e4ed4e68afac568de0d66a31c41
MRI/bids/SFB1451C05_9817P210721/tSFB1451C05_9817P210721_20210721113339_0006_Localizer_aligned_i00009.nii.gz	43630	4387d3b66d402957d85e420e605f6894
MRI/bids/SFB1451C05_9817P210721/tSFB1451C05_9817P210721_20210721113339_0016_ep2d_diff_slice.bval	5	ad865d2f63b9feb2552c220385fbb7e3
MRI/bids/SFB1451C05_9817P210721/tSFB1451C05_9817P210721_20210721113339_0006_Localizer_aligned_i00008.nii.gz	51413	bd7631867486da1d56d473c9c069429b
MRI/bids/SFB1451C05_9817P210721/tSFB1451C05_9817P210721_20210721113339_0017_Localizer_i00001.json	1825	a9e6596dc8773f9a260a5df5f82dd356
MRI/bids/SFB1451C05_9817P210721/tSFB1451C05_9817P210721_20210721113339_0006_Localizer_aligned_i00001.nii.gz	380464	496050a36f2b3c086fbed14fa22a2194
MRI/bids/SFB1451C05_9817P210721/tSFB1451C05_9817P210721_20210721113339_0001_Localizer_i00002.json	1825	e3256df8773c875a6ae520d347df6a08
MRI/bids/SFB1451C05_9817P210721/tSFB1451C05_9817P210721_20210721113339_0002_AAHead_Scout_64ch-head-coil.nii.gz	2618180	ca7781af0c9a1b149a1a39877f7e123b
MRI/bids/SFB1451C05_9817P210721/tSFB1451C05_9817P210721_20210721113339_0018_dMRI_b=0_AP_SBRef.json	3135	b0e194ae11e3234ae51d6a2d225be3b3
MRI/bids/SFB1451C05_9817P210721/tSFB1451C05_9817P210721_20210721113339_0003_AAHead_Scout_64ch-head-coil_MPR_sag_i00003.nii.gz	25860	bc6a2f23ed061b911e41fd0df3464aa5
MRI/bids/SFB1451C05_9817P210721/tSFB1451C05_9817P210721_20210721113339_0005_AAHead_Scout_64ch-head-coil_MPR_tra_i00003.nii.gz	20673	8cc07b5ff13fff31122969d9f0589bfe
MRI/bids/SFB1451C05_9817P210721/tSFB1451C05_9817P210721_20210721113339_0005_AAHead_Scout_64ch-head-coil_MPR_tra_i00002.nii.gz	18753	611c66f4f8b12e0bf56c81a3df74edca
MRI/bids/SFB1451C05_9817P210721/tSFB1451C05_9817P210721_20210721113339_0019_dMRI_b=0_AP.bval	18	50e540b9133a028f0dd4886b6eab3fb5
MRI/bids/SFB1451C05_9817P210721/tSFB1451C05_9817P210721_20210721113339_0006_Localizer_aligned_i00001.json	1998	de53c7547275c4ff8454880d246e6f4b
MRI/bids/SFB1451C05_9817P210721/tSFB1451C05_9817P210721_20210721113339_0005_AAHead_Scout_64ch-head-coil_MPR_tra_i00001.nii.gz	20163	bb6c573f42b56c249611cf83f44f54df
MRI/bids/SFB1451C05_9817P210721/tSFB1451C05_9817P210721_20210721113339_0016_ep2d_diff_slice.bvec	32	521537ce19a3d8722a6875b4d1241150
MRI/bids/SFB1451C05_9817P210721/tSFB1451C05_9817P210721_20210721113339_0001_Localizer_i00002.nii.gz	54047	234bb15e6c06c0b1de2a8c94ed8e2310
MRI/bids/SFB1451C05_9817P210721/tSFB1451C05_9817P210721_20210721113339_0023_dMRI_dir98_AP.json	3186	e2f5201a3dbb2837958e1136218fe5c5
MRI/bids/SFB1451C05_9817P210721/tSFB1451C05_9817P210721_20210721113339_0013_T2w_SPC.nii.gz	26896695	5bc41b7a8e38e882ad0a9c2d52edcd22
MRI/bids/SFB1451C05_9817P210721/tSFB1451C05_9817P210721_20210721113339_0005_AAHead_Scout_64ch-head-coil_MPR_tra_i00001.json	1939	1073bb79996df8b562bdb5d8e9148071
MRI/bids/SFB1451C05_9817P210721/tSFB1451C05_9817P210721_20210721113339_0022_dMRI_dir98_AP_SBRef.nii.gz	3025215	6955fa407593092e5940e9fbbae694ee
MRI/bids/SFB1451C05_9817P210721/tSFB1451C05_9817P210721_20210721113339_0019_dMRI_b=0_AP.nii.gz	25011820	15f6111423ee11018526caa083252cf4
MRI/bids/SFB1451C05_9817P210721/tSFB1451C05_9817P210721_20210721113339_0001_Localizer_i00001.nii.gz	57596	37c3bfb65496801951d5220e28906805
MRI/bids/SFB1451C05_9817P210721/tSFB1451C05_9817P210721_20210721113339_0016_ep2d_diff_slice.json	2563	7e438765f67a2058029a9ea08562be08
MRI/bids/SFB1451C05_9817P210721/tSFB1451C05_9817P210721_20210721113339_0007_rfMRI_resting_AP_SBRef.json	3004	72b43f4dab367000dd5dc36dd913e3e5
MRI/bids/SFB1451C05_9817P210721/tSFB1451C05_9817P210721_20210721113339_0001_Localizer_i00003.nii.gz	44606	6bd4da82235bfa9543349ad6ade80906
MRI/bids/SFB1451C05_9817P210721/tSFB1451C05_9817P210721_20210721113339_0012_T1w_MPR.json	1966	4715acdea2bf2ac627e7a7d7e4460ec8
MRI/bids/SFB1451C05_9817P210721/tSFB1451C05_9817P210721_20210721113339_0021_dMRI_b=0_PA.bvec	225	8ea82166abb5599c4c501c1a176aa28c
MRI/bids/SFB1451C05_9817P210721/tSFB1451C05_9817P210721_20210721113339_0017_Localizer_i00002.nii.gz	50584	3bdd7bafaaa6652be1072499ed79cad2
MRI/bids/SFB1451C05_9817P210721/tSFB1451C05_9817P210721_20210721113339_0019_dMRI_b=0_AP.bvec	225	8ea82166abb5599c4c501c1a176aa28c
MRI/bids/SFB1451C05_9817P210721/tSFB1451C05_9817P210721_20210721113339_0025_dMRI_dir99_AP.bvec	2808	799c7b94524a3f7a3c08957124958d5e
MRI/bids/SFB1451C05_9817P210721/tSFB1451C05_9817P210721_20210721113339_0019_dMRI_b=0_AP.json	3186	3337d04f4582cf29380c7496ba12e45d
MRI/bids/SFB1451C05_9817P210721/tSFB1451C05_9817P210721_20210721113339_0014_T2w_SPC.json	2020	5acfd5919d4259bf9a3176d5ec941bfa
MRI/bids/SFB1451C05_9817P210721/tSFB1451C05_9817P210721_20210721113339_0016_ep2d_diff_slice.nii.gz	361961	0dfb3057f8ee1f6f5bd0b691233821c4
MRI/bids/SFB1451C05_9817P210721/tSFB1451C05_9817P210721_20210721113339_0004_AAHead_Scout_64ch-head-coil_MPR_cor_i00001.nii.gz	20789	d5be9ebcafbb5b4fc3811d705c5fa804
MRI/bids/SFB1451C05_9817P210721/tSFB1451C05_9817P210721_20210721113339_0010_rfMRI_resting_PA_SBRef.nii.gz	1263191	c6f09257b7e9273e06f5201841196147
MRI/bids/SFB1451C05_9817P210721/tSFB1451C05_9817P210721_20210721113339_0020_dMRI_b=0_PA_SBRef.json	3135	5fb76160153ba072c1a0c2392eff3b23
MRI/bids/SFB1451C05_9817P210721/tSFB1451C05_9817P210721_20210721113339_0023_dMRI_dir98_AP.bvec	2793	be3f66262cc4cff6782c60d9f87ecd1f
MRI/bids/SFB1451C05_9817P210721/tSFB1451C05_9817P210721_20210721113339_0013_T2w_SPC.json	1999	8afcbd543b8f00e07bcebeec46d7d1e0
MRI/bids/SFB1451C05_9817P210721/tSFB1451C05_9817P210721_20210721113339_0010_rfMRI_resting_PA_SBRef.json	3001	3e472fca0a0c08a8e5d1b9db635093c6
MRI/bids/SFB1451C05_9817P210721/tSFB1451C05_9817P210721_20210721113339_0025_dMRI_dir99_AP.nii.gz	257491050	fa9a15db46eda13152412072a884eea0
MRI/bids/SFB1451C05_9817P210721/tSFB1451C05_9817P210721_20210721113339_0006_Localizer_aligned_i00008.json	1906	4db46a200177f3d6a55a276f6babd4d2
MRI/bids/SFB1451C05_9817P210721/tSFB1451C05_9817P210721_20210721113339_0020_dMRI_b=0_PA_SBRef.nii.gz	2996529	27b3ee9b20e322f13a29a6b450bbbe8c
MRI/bids/SFB1451C05_9817P210721/tSFB1451C05_9817P210721_20210721113339_0021_dMRI_b=0_PA.nii.gz	24823444	dade3dac7e80e30c13ce3641ccf0faf0
MRI/bids/SFB1451C05_9817P210721/tSFB1451C05_9817P210721_20210721113339_0003_AAHead_Scout_64ch-head-coil_MPR_sag_i00001.json	1941	78cd61adec96dc9f64ec685e6bc627e7
MRI/bids/SFB1451C05_9817P210721/tSFB1451C05_9817P210721_20210721113339_0025_dMRI_dir99_AP.json	3193	dbd7bc06b219f98941155f177e7b567c
MRI/bids/SFB1451C05_9817P210721/tSFB1451C05_9817P210721_20210721113339_0015_Axial_T2-FLAIR.json	2460	ab1f26aa39c757d0a57cea1e602b0bfa
MRI/bids/SFB1451C05_9817P210721/tSFB1451C05_9817P210721_20210721113339_0003_AAHead_Scout_64ch-head-coil_MPR_sag_i00001.nii.gz	43583	3970d5bbb731a6e64fc6970b86cfe91b
MRI/bids/SFB1451C05_9817P210721/tSFB1451C05_9817P210721_20210721113339_0008_rfMRI_resting_AP.nii.gz	901903418	766e1a51c1574076572cc4d33617a1e4
MRI/bids/SFB1451C05_9817P210721/tSFB1451C05_9817P210721_20210721113339_0003_AAHead_Scout_64ch-head-coil_MPR_sag_i00002.nii.gz	24602	8dead3762d2e50052696ac8b83461a93
MRI/bids/SFB1451C05_9817P210721/tSFB1451C05_9817P210721_20210721113339_0008_rfMRI_resting_AP.json	3021	c417594cf49bf7936ac61bb2bf957376
MRI/bids/SFB1451C05_9817P210721/tSFB1451C05_9817P210721_20210721113339_0017_Localizer_i00002.json	1825	ae48af4f2f9438aa495f430adb04e766
MRI/bids/SFB1451C05_9817P210721/tSFB1451C05_9817P210721_20210721113339_0003_AAHead_Scout_64ch-head-coil_MPR_sag_i00002.json	1937	c88b529b9428cd3363e20332e47d5726
MRI/bids/SFB1451C05_9817P210721/tSFB1451C05_9817P210721_20210721113339_0002_AAHead_Scout_64ch-head-coil.json	1890	cf53b3dae744a2c56fd44c91d611880a
MRI/bids/SFB1451C05_9817P210721/tSFB1451C05_9817P210721_20210721113339_0018_dMRI_b=0_AP_SBRef.nii.gz	3023874	38ab6358e9e1d551fc5f520d72640fee
MRI/bids/SFB1451C05_9817P210721/tSFB1451C05_9817P210721_20210721113339_0017_Localizer_i00003.json	1824	639721116471e96d5d685bf4a61a1d98
MRI/bids/SFB1451C05_9817P210721/tSFB1451C05_9817P210721_20210721113339_0003_AAHead_Scout_64ch-head-coil_MPR_sag_i00004.json	1939	4bef1c7f37e8c119a1cad94075486ebe
MRI/bids/SFB1451C05_9817P210721/tSFB1451C05_9817P210721_20210721113339_0005_AAHead_Scout_64ch-head-coil_MPR_tra_i00002.json	1940	30efb8bad78921baf6d784716bf08220
MRI/bids/SFB1451C05_9817P210721/tSFB1451C05_9817P210721_20210721113339_0003_AAHead_Scout_64ch-head-coil_MPR_sag_i00004.nii.gz	24394	8ed008f1cb1e021fe2c3382f9014c658
MRI/bids/SFB1451C05_9817P210721/tSFB1451C05_9817P210721_20210721113339_0022_dMRI_dir98_AP_SBRef.json	3138	77e7f250a0bff33a351a36d4af148446
MRI/bids/SFB1451C05_9817P210721/tSFB1451C05_9817P210721_20210721113339_0021_dMRI_b=0_PA.bval	18	50e540b9133a028f0dd4886b6eab3fb5
MRI/bids/SFB1451C05_9817P210721/tSFB1451C05_9817P210721_20210721113339_0004_AAHead_Scout_64ch-head-coil_MPR_cor_i00003.nii.gz	22146	4b87df2018710e67a3aaddb288e6edf7
MRI/bids/SFB1451C05_9817P210721/tSFB1451C05_9817P210721_20210721113339_0004_AAHead_Scout_64ch-head-coil_MPR_cor_i00002.json	1938	567b62bf952666e7949fe48afa8682c2
MRI/bids/SFB1451C05_9817P210721/tSFB1451C05_9817P210721_20210721113339_0025_dMRI_dir99_AP.bval	479	4ffa1161ca2fc1feae2eded2d73a987d
MRI/bids/SFB1451C05_9817P210721/tSFB1451C05_9817P210721_20210721113339_0004_AAHead_Scout_64ch-head-coil_MPR_cor_i00002.nii.gz	22773	f8a7a95ab2fabe9e9f39a4f532b796da
MRI/bids/SFB1451C05_9817P210721/tSFB1451C05_9817P210721_20210721113339_0014_T2w_SPC.nii.gz	25499516	8bd737865b2561932c6f65081f908fc2
MRI/bids/SFB1451C05_9817P210721/tSFB1451C05_9817P210721_20210721113339_0023_dMRI_dir98_AP.bval	474	93ec5de1174da4a2b94643981a892041
MRI/bids/SFB1451C05_9817P210721/tSFB1451C05_9817P210721_20210721113339_0004_AAHead_Scout_64ch-head-coil_MPR_cor_i00001.json	1940	eb1a242fa16c09ee1f9fdfa0731cfed0
MRI/bids/SFB1451C05_9817P210721/tSFB1451C05_9817P210721_20210721113339_0006_Localizer_aligned_i00009.json	1909	aab918645c75ee95cfd1ef94e32dd876
MRI/bids/SFB1451C05_9817P210721/tSFB1451C05_9817P210721_20210721113339_0003_AAHead_Scout_64ch-head-coil_MPR_sag_i00003.json	1938	62228dcc7a4f430c0d455fde89f1ecfa
MRI/bids/SFB1451C05_9817P210721/tSFB1451C05_9817P210721_20210721113339_0017_Localizer_i00001.nii.gz	57303	f2bf5f01018d725d2aeacd16fddaa79c
MRI/bids/SFB1451C05_9817P210721/tSFB1451C05_9817P210721_20210721113339_0001_Localizer_i00003.json	1824	7935ce1eac0db73836844697cb32249c
MRI/bids/SFB1451C05_9817P210721/tSFB1451C05_9817P210721_20210721113339_0001_Localizer_i00001.json	1825	1bf58288a94cf88aa7be90abdb23b0da
MRI/bids/SFB1451C05_9817P210721/tSFB1451C05_9817P210721_20210721113339_0015_Axial_T2-FLAIR.nii.gz	2373298	7b5a31e963c4b385a0594e656b26dcc3
MRI/bids/SFB1451C05_9817P210721/tSFB1451C05_9817P210721_20210721113339_0023_dMRI_dir98_AP.nii.gz	255638302	9d0df4f2274e4f98e3ee7ed112f38950
MRI/bids/SFB1451C05_9817P210721/tSFB1451C05_9817P210721_20210721113339_0012_T1w_MPR.nii.gz	14385802	4c69b83a425086b927a016b8becf2c5b
MRI/bids/SFB1451C05_9817P210721/tSFB1451C05_9817P210721_20210721113339_0017_Localizer_i00003.nii.gz	44642	b345c7a5313aba17e2de3a113d998123
MRI/bids/SFB1451C05_9817P210721/tSFB1451C05_9817P210721_20210721113339_0024_dMRI_dir99_AP_SBRef.json	3138	2f31b5e5d0825095ad4bff420bc1445e
MRI/bids/SFB1451C05_9817P210721/tSFB1451C05_9817P210721_20210721113339_0011_rfMRI_resting_PA.nii.gz	11823768	8adeb63354574080cd8c459da5c68dac
MRI/bids/SFB1451C05_9817P210721/tSFB1451C05_9817P210721_20210721113339_0024_dMRI_dir99_AP_SBRef.nii.gz	3022687	e1f8b52d2af254f2d8e23fcd3f6a6569
MRI/bids/SFB1451C05_9817P210721/tSFB1451C05_9817P210721_20210721113339_0005_AAHead_Scout_64ch-head-coil_MPR_tra_i00003.json	1939	71b9295a6bc9f41627219028bf66d9d6
MRI/bids/SFB1451C05_9817P210721/tSFB1451C05_9817P210721_20210721113339_0011_rfMRI_resting_PA.json	3018	d7ef6e897f7d306454a9a4e0f0a07870
